"arv";"dap";"ht";"hi";"dicc";"disc"
1;11,14;14,66;0,05;17,63;13,83
1;11,14;14,66;0,15;15,28;12,08
1;11,14;14,66;0,29;13,88;10,78
1;11,14;14,66;0,44;12,74;9,64
1;11,14;14,66;0,59;12;9
1;11,14;14,66;0,73;11,94;9,74
1;11,14;14,66;1,47;10,7;8,9
1;11,14;14,66;2,2;10,22;9,42
1;11,14;14,66;3,66;9,3;9
1;11,14;14,66;5,13;8,75;8,55
1;11,14;14,66;6,6;8,02;7,82
1;11,14;14,66;8,06;7,07;6,87
1;11,14;14,66;9,53;6,4;6,2
1;11,14;14,66;10,99;5,38;5,28
1;11,14;14,66;12,46;3,09;3,09
1;11,14;14,66;13,93;1,27;1,27
3;10,41;6,45;0,03;20,05;13,15
3;10,41;6,45;0,06;18,97;12,47
3;10,41;6,45;0,12;18,46;12,16
3;10,41;6,45;0,19;17,32;11,32
3;10,41;6,45;0,25;15,28;9,28
3;10,41;6,45;0,32;14,13;9,13
3;10,41;6,45;0,64;12,76;8,06
3;10,41;6,45;0,96;12,76;8,16
3;10,41;6,45;1,61;10,92;6,72
3;10,41;6,45;2,25;10,03;6,43
3;10,41;6,45;2,9;7,74;6,14
3;10,41;6,45;3,54;6,18;5,18
3;10,41;6,45;4,19;4,39;3,79
3;10,41;6,45;4,83;3,25;2,85
3;10,41;6,45;5,48;1,27;0,87
3;10,41;6,45;6,12;1,11;1,11
4;11,05;12,52;0,03;17,57;10,07
4;11,05;12,52;0,13;16,55;10,05
4;11,05;12,52;0,25;15,47;8,97
4;11,05;12,52;0,38;14,23;8,53
4;11,05;12,52;0,5;13,85;9,45
4;11,05;12,52;0,63;13,05;8,95
4;11,05;12,52;1,25;11,2;8,9
4;11,05;12,52;1,88;9,93;8,53
4;11,05;12,52;3,13;9,2;8,2
4;11,05;12,52;4,38;8,28;7,48
4;11,05;12,52;5,63;7,58;6,78
4;11,05;12,52;6,89;7,16;6,56
4;11,05;12,52;8,14;5,67;5,47
4;11,05;12,52;9,39;3,66;3,46
4;11,05;12,52;10,64;3,44;3,24
4;11,05;12,52;11,89;1,46;1,26
5;28,17;18,49;0,08;36;29,1
5;28,17;18,49;0,18;35,21;29,31
5;28,17;18,49;0,37;31,77;26,57
5;28,17;18,49;0,55;30,05;26,05
5;28,17;18,49;0,74;29,51;25,51
5;28,17;18,49;0,92;29,48;25,78
5;28,17;18,49;1,85;25,08;21,68
5;28,17;18,49;2,77;22,82;19,72
5;28,17;18,49;4,62;20,82;18,42
5;28,17;18,49;6,47;18,37;16,77
5;28,17;18,49;8,32;16,84;15,54
5;28,17;18,49;10,17;16,65;15,55
5;28,17;18,49;12,02;15,28;14,18
5;28,17;18,49;13,87;10,76;9,96
5;28,17;18,49;15,72;7,23;6,93
5;28,17;18,49;17,57;0,32;0,12
6;20,47;18,3;0,02;30,75;25,75
6;20,47;18,3;0,18;25,21;21,31
6;20,47;18,3;0,37;23,68;20,38
6;20,47;18,3;0,55;22,66;19,66
6;20,47;18,3;0,73;21,93;18,93
6;20,47;18,3;0,92;21,71;19,01
6;20,47;18,3;1,83;19;17
6;20,47;18,3;2,74;18,37;16,57
6;20,47;18,3;4,57;16,46;14,96
6;20,47;18,3;6,41;15,88;14,78
6;20,47;18,3;8,23;14,51;13,51
6;20,47;18,3;10,06;13,78;12,88
6;20,47;18,3;11,9;12,16;11,36
6;20,47;18,3;13,71;10,5;9,8
6;20,47;18,3;15,56;7;6,4
6;20,47;18,3;17,39;0,32;0,32
7;34,22;22,18;0,09;45,23;38,23
7;34,22;22,18;0,22;41,54;35,54
7;34,22;22,18;0,44;38,42;33,32
7;34,22;22,18;0,67;37,31;32,61
7;34,22;22,18;0,89;36,19;32,19
7;34,22;22,18;1,11;35,05;31,15
7;34,22;22,18;2,22;32,02;28,62
7;34,22;22,18;3,33;30,72;27,72
7;34,22;22,18;5,55;29;27,1
7;34,22;22,18;7,76;26,13;24,43
7;34,22;22,18;9,98;24,06;22,66
7;34,22;22,18;12,2;22,12;20,92
7;34,22;22,18;14,42;20,05;19,05
7;34,22;22,18;16,64;16,97;16,07
7;34,22;22,18;18,85;11,81;11,21
7;34,22;22,18;21,07;2,9;2,7
8;30,94;19,53;0,06;41,92;35,82
8;30,94;19,53;0,2;39,85;34,95
8;30,94;19,53;0,39;35,17;30,67
8;30,94;19,53;0,59;33,23;29,23
8;30,94;19,53;0,78;32,72;28,72
8;30,94;19,53;0,98;31,99;28,39
8;30,94;19,53;1,95;29,38;26,18
8;30,94;19,53;2,93;27,69;24,89
8;30,94;19,53;4,88;25,31;22,91
8;30,94;19,53;6,84;23,49;21,49
8;30,94;19,53;8,79;21,8;20
8;30,94;19,53;10,74;20,18;18,48
8;30,94;19,53;12,69;18,33;16,83
8;30,94;19,53;14,65;15,76;14,76
8;30,94;19,53;16,57;10,25;9,65
8;30,94;19,53;18,55;0,32;0,32
10;39,69;20,3;0,02;48,86;40,86
10;39,69;20,3;0,2;45,2;38,1
10;39,69;20,3;0,41;42,4;36,1
10;39,69;20,3;0,61;42,37;36,47
10;39,69;20,3;0,81;41,73;36,23
10;39,69;20,3;1,01;40,87;35,37
10;39,69;20,3;2,03;36,83;31,93
10;39,69;20,3;3,05;33,58;30,68
10;39,69;20,3;5,07;30,91;28,81
10;39,69;20,3;7,11;29,57;27,77
10;39,69;20,3;9,14;28,07;26,27
10;39,69;20,3;11,16;26,9;25,3
10;39,69;20,3;13,15;24,96;23,66
10;39,69;20,3;15,23;22,76;21,66
10;39,69;20,3;17,25;11,97;11,37
10;39,69;20,3;19,28;2,87;2,47
11;13,05;14,83;0,03;17,76;15,76
11;13,05;14,83;0,15;15,92;14,02
11;13,05;14,83;0,3;14,83;13,33
11;13,05;14,83;0,44;14,04;12,74
11;13,05;14,83;0,59;13,94;12,74
11;13,05;14,83;0,74;13,91;12,91
11;13,05;14,83;1,48;12,51;11,51
11;13,05;14,83;2,22;11,81;10,81
11;13,05;14,83;3,71;11,14;10,34
11;13,05;14,83;5,19;10,03;9,23
11;13,05;14,83;6,67;8,98;8,28
11;13,05;14,83;8,16;8,18;7,58
11;13,05;14,83;9,66;7,04;6,44
11;13,05;14,83;11,12;5,98;5,58
11;13,05;14,83;12,61;3,41;3,21
11;13,05;14,83;14,09;1,21;1,21
12;11,46;7,32;0,05;17;11,3
12;11,46;7,32;0,07;16,77;13,17
12;11,46;7,32;0,15;15,95;12,65
12;11,46;7,32;0,22;15,72;12,52
12;11,46;7,32;0,29;14,87;11,77
12;11,46;7,32;0,37;14,26;11,16
12;11,46;7,32;0,73;13,02;10,12
12;11,46;7,32;1,1;11,94;9,14
12;11,46;7,32;1,83;10,63;8,23
12;11,46;7,32;2,59;8,82;6,92
12;11,46;7,32;3,29;7,67;6,57
12;11,46;7,32;4,03;6,84;6,14
12;11,46;7,32;4,77;5,67;4,97
12;11,46;7,32;5,49;3,79;3,39
12;11,46;7,32;6,22;0,03;-0,17
12;11,46;7,32;6,95;0,03;0,03
15;24,35;23,58;0,08;36,22;27,22
15;24,35;23,58;0,24;31;23,8
15;24,35;23,58;0,47;27,53;22,43
15;24,35;23,58;0,71;26,87;22,17
15;24,35;23,58;0,94;26,29;21,89
15;24,35;23,58;1,18;24,48;20,68
15;24,35;23,58;2,36;23,24;20,04
15;24,35;23,58;3,54;20,56;17,56
15;24,35;23,58;5,89;19,19;16,89
15;24,35;23,58;8,25;17,63;15,83
15;24,35;23,58;10,65;15,53;14,23
15;24,35;23,58;12,97;14,42;13,42
15;24,35;23,58;15,33;12,96;12,26
15;24,35;23,58;17,68;10,95;10,35
15;24,35;23,58;20,04;7,58;7,18
15;24,35;23,58;22,4;3,02;2,82
16;36,48;28,15;0,02;55,35;45,05
16;36,48;28,15;0,28;45,61;37,51
16;36,48;28,15;0,56;42,49;35,19
16;36,48;28,15;0,84;37,69;30,99
16;36,48;28,15;1,13;37,15;31,25
16;36,48;28,15;1,41;35,49;30,29
16;36,48;28,15;2,82;32,82;28,82
16;36,48;28,15;4,22;30,94;27,34
16;36,48;28,15;7,04;30,91;28,01
16;36,48;28,15;9,85;27,12;24,52
16;36,48;28,15;12,67;25,43;23,73
16;36,48;28,15;15,48;23,65;22,35
16;36,48;28,15;18,3;21,23;20,33
16;36,48;28,15;21,11;17,41;16,61
16;36,48;28,15;23,93;11,59;10,99
16;36,48;28,15;26,74;4,68;4,28
17;39,09;26,36;0,07;57,3;47,3
17;39,09;26,36;0,26;48,38;41,88
17;39,09;26,36;0,53;44,31;38,41
17;39,09;26,36;0,79;41,95;36,35
17;39,09;26,36;1,05;40,23;35,33
17;39,09;26,36;1,32;38,42;33,72
17;39,09;26,36;2,64;35,71;31,51
17;39,09;26,36;3,95;34,47;30,77
17;39,09;26,36;6,59;33,14;29,94
17;39,09;26,36;9,23;31,16;29,06
17;39,09;26,36;11,86;28,62;26,72
17;39,09;26,36;14,5;26,07;24,47
17;39,09;26,36;17,13;23,71;22,21
17;39,09;26,36;19,77;20,02;18,82
17;39,09;26,36;22,41;11,78;11,18
17;39,09;26,36;25,04;3,31;3,11
20;40,78;19,28;0,16;62,58;52,08
20;40,78;19,28;0,19;56,44;45,94
20;40,78;19,28;0,38;52,2;42,8
20;40,78;19,28;0,57;50,93;43,73
20;40,78;19,28;0,77;46,95;40,35
20;40,78;19,28;0,96;43,45;37,55
20;40,78;19,28;1,92;39,31;35,01
20;40,78;19,28;2,89;34,79;31,29
20;40,78;19,28;4,82;30,65;28,05
20;40,78;19,28;6,74;29,6;27,3
20;40,78;19,28;8,67;26,17;24,27
20;40,78;19,28;10,6;25,24;23,84
20;40,78;19,28;12,53;19,42;18,22
20;40,78;19,28;14,46;14,77;13,87
20;40,78;19,28;16,38;10,98;10,38
20;40,78;19,28;18,31;3,18;2,98
22;14,39;13;0,07;27,34;21,34
22;14,39;13;0,13;23,46;18,86
22;14,39;13;0,26;21,39;17,49
22;14,39;13;0,39;19,58;16,38
22;14,39;13;0,52;17,89;14,89
22;14,39;13;0,65;17,03;14,23
22;14,39;13;1,3;14,39;11,99
22;14,39;13;1,95;13,75;11,85
22;14,39;13;3,25;12;10,2
22;14,39;13;4,55;10,82;9,52
22;14,39;13;5,85;9,39;8,49
22;14,39;13;7,15;8,5;7,8
22;14,39;13;8,45;7,58;6,98
22;14,39;13;9,75;5,76;5,36
22;14,39;13;11,05;3,15;2,95
22;14,39;13;12,35;1,59;1,39
25;34,44;20,15;0,2;49,02;38,22
25;34,44;20,15;0,26;43,61;33,91
25;34,44;20,15;0,4;40,87;33,77
25;34,44;20,15;0,6;38,29;32,19
25;34,44;20,15;0,8;37,53;31,93
25;34,44;20,15;1;35,49;30,69
25;34,44;20,15;2,01;32,82;28,92
25;34,44;20,15;3,02;32,18;29,38
25;34,44;20,15;5,03;27,88;25,68
25;34,44;20,15;7,05;26,07;24,37
25;34,44;20,15;9,06;23,01;21,81
25;34,44;20,15;11,08;20,75;19,95
25;34,44;20,15;13,09;18,21;17,61
25;34,44;20,15;15,19;14,07;13,57
25;34,44;20,15;17,12;9,07;8,77
25;34,44;20,15;19,19;3,28;3,08
26;36,29;26,19;0,09;50,15;44,85
26;36,29;26,19;0,26;44,93;41,13
26;36,29;26,19;0,52;40,24;37,34
26;36,29;26,19;0,79;38,01;35,91
26;36,29;26,19;1,05;37,01;35,01
26;36,29;26,19;1,3;36,35;34,35
26;36,29;26,19;2,62;34,44;32,44
26;36,29;26,19;3,93;32,85;31,35
26;36,29;26,19;6,55;29;27,7
26;36,29;26,19;9,17;26,45;25,25
26;36,29;26,19;11,79;23,59;22,49
26;36,29;26,19;14,4;21,74;21,04
26;36,29;26,19;17,02;19,35;18,65
26;36,29;26,19;19,64;17,06;16,46
26;36,29;26,19;22;11,17;10,67
26;36,29;26,19;24,9;3,69;3,39
28;42,97;23,59;0,07;57,11;50,61
28;42,97;23,59;0,24;55,2;48,7
28;42,97;23,59;0,47;51,51;45,01
28;42,97;23,59;0,71;47,65;41,95
28;42,97;23,59;0,94;45,3;40,3
28;42,97;23,59;1,18;44,41;39,41
28;42,97;23,59;2,36;43,95;39,95
28;42,97;23,59;3,54;36,51;32,71
28;42,97;23,59;5,9;31,89;28,89
28;42,97;23,59;8,26;28,81;25,81
28;42,97;23,59;10,62;27,18;24,28
28;42,97;23,59;12,97;24,86;22,46
28;42,97;23,59;15,33;21,71;20,41
28;42,97;23,59;17,75;15,6;14,4
28;42,97;23,59;20,05;9,49;8,79
28;42,97;23,59;22,41;4,04;3,84
29;31,8;22,2;0,08;43,41;40,11
29;31,8;22,2;0,22;38,79;35,49
29;31,8;22,2;0,44;34,75;31,45
29;31,8;22,2;0,67;33,63;30,33
29;31,8;22,2;0,89;33,19;29,89
29;31,8;22,2;1,11;31,92;28,62
29;31,8;22,2;2,22;31,35;28,25
29;31,8;22,2;3,33;29,89;27,19
29;31,8;22,2;5,55;27,69;25,39
29;31,8;22,2;7,77;25,43;23,73
29;31,8;22,2;9,99;23,17;22,07
29;31,8;22,2;12,21;21,04;20,34
29;31,8;22,2;14,43;18,56;17,86
29;31,8;22,2;16,65;14,99;14,29
29;31,8;22,2;18,87;10,19;9,79
29;31,8;22,2;21,09;2,45;2,45
31;28,58;18,12;0,06;42,55;34,95
31;28,58;18,12;0,18;39,07;33,07
31;28,58;18,12;0,36;35,52;30,62
31;28,58;18,12;0,54;33,51;28,81
31;28,58;18,12;0,72;32,41;28,11
31;28,58;18,12;0,91;31,87;27,57
31;28,58;18,12;1,81;28,04;25,24
31;28,58;18,12;2,72;25,88;23,48
31;28,58;18,12;4,53;23,33;21,13
31;28,58;18,12;6,34;21,68;19,88
31;28,58;18,12;8,15;20,37;19,17
31;28,58;18,12;9,97;18,46;17,26
31;28,58;18,12;11,78;17,57;16,37
31;28,58;18,12;13,59;13,69;12,89
31;28,58;18,12;15,4;7,89;7,09
31;28,58;18,12;17,21;2,67;2,27
33;31,42;16,3;0,07;41,92;34,12
33;31,42;16,3;0,16;37,21;33,01
33;31,42;16,3;0,32;35,83;31,83
33;31,42;16,3;0,48;34,4;30,4
33;31,42;16,3;0,65;33,5;29,6
33;31,42;16,3;0,81;32,37;28,97
33;31,42;16,3;1,63;31,77;28,57
33;31,42;16,3;2,44;31,7;28,7
33;31,42;16,3;4,07;28,97;25,97
33;31,42;16,3;5,7;24,86;22,36
33;31,42;16,3;7,33;22;19,8
33;31,42;16,3;8,9;19,54;17,44
33;31,42;16,3;10,59;16,11;14,71
33;31,42;16,3;12,22;11,46;10,36
33;31,42;16,3;13,85;6,84;6,24
33;31,42;16,3;15,44;2,48;2,28
35;23,08;16,9;0,07;30,72;27,22
35;23,08;16,9;0,16;29,43;26,13
35;23,08;16,9;0,33;27,19;24,29
35;23,08;16,9;0,5;26,48;23,68
35;23,08;16,9;0,67;25,4;22,6
35;23,08;16,9;0,84;24,76;21,96
35;23,08;16,9;1,69;24,7;21,9
35;23,08;16,9;2,53;22,73;20,33
35;23,08;16,9;4,22;21,01;18,71
35;23,08;16,9;5,91;18,46;17,36
35;23,08;16,9;7,6;17,19;16,29
35;23,08;16,9;9,29;15,28;14,48
35;23,08;16,9;10,98;14,1;13,5
35;23,08;16,9;12,67;10,38;9,98
35;23,08;16,9;14,36;7,32;6,92
35;23,08;16,9;16,05;2,96;2,76
36;43,8;24,7;0,07;53,31;45,71
36;43,8;24,7;0,24;50,36;43,86
36;43,8;24,7;0,48;47,5;42,4
36;43,8;24,7;0,72;45,38;40,68
36;43,8;24,7;0,96;43,73;39,53
36;43,8;24,7;1,2;43,35;39,15
36;43,8;24,7;2,4;42,88;38,68
36;43,8;24,7;3,61;41,06;37,06
36;43,8;24,7;6,01;37,69;34,69
36;43,8;24,7;8,3;32,95;30,25
36;43,8;24,7;10,83;32,15;30,95
36;43,8;24,7;13,23;27,53;26,53
36;43,8;24,7;15,64;23,97;22,97
36;43,8;24,7;18,05;18,49;17,59
36;43,8;24,7;20,45;10,38;9,78
36;43,8;24,7;22,8;2,99;2,79
37;19,89;13,9;0,05;29,66;21,96
37;19,89;13,9;0,13;26,39;20,79
37;19,89;13,9;0,27;24,74;20,24
37;19,89;13,9;0,41;24,04;19,74
37;19,89;13,9;0,55;23,46;19,26
37;19,89;13,9;0,69;21,5;19,1
37;19,89;13,9;1,38;20,82;18,42
37;19,89;13,9;2,07;20,82;18,42
37;19,89;13,9;3,46;19,1;16,9
37;19,89;13,9;4,88;18,08;16,38
37;19,89;13,9;6,27;16,65;14,95
37;19,89;13,9;7,61;16,3;14,6
37;19,89;13,9;9;12,83;12,13
37;19,89;13,9;10,38;9,77;9,37
37;19,89;13,9;11,77;4,2;3,8
37;19,89;13,9;13,15;1,59;1,39
39;34,38;18,33;0,06;44,13;38,93
39;34,38;18,33;0,18;41,61;37,11
39;34,38;18,33;0,36;39,26;35,46
39;34,38;18,33;0,54;37,7;33,9
39;34,38;18,33;0,73;36,9;33,1
39;34,38;18,33;0,91;35,89;32,09
39;34,38;18,33;1,83;35,17;31,67
39;34,38;18,33;2,74;33,96;30,46
39;34,38;18,33;4,58;30,88;27,88
39;34,38;18,33;6,35;29,28;26,98
39;34,38;18,33;8,24;26,1;23,9
39;34,38;18,33;10,08;24,89;23,79
39;34,38;18,33;11,91;20,37;19,47
39;34,38;18,33;13,74;12,96;12,36
39;34,38;18,33;15,58;7,35;6,95
39;34,38;18,33;17,41;2,23;2,03
41;26,26;19,52;0,07;36,15;27,85
41;26,26;19,52;0,19;34,24;26,74
41;26,26;19,52;0,39;32,66;25,66
41;26,26;19,52;0,58;31,69;24,89
41;26,26;19,52;0,78;29,65;23,55
41;26,26;19,52;0,97;29,42;24,32
41;26,26;19,52;1,95;26,74;22,44
41;26,26;19,52;2,92;25,88;22,68
41;26,26;19,52;4,88;24,19;21,39
41;26,26;19,52;6,83;22,66;20,36
41;26,26;19,52;8,78;22,54;20,24
41;26,26;19,52;10,73;19,19;18,19
41;26,26;19,52;12,6;15,34;14,64
41;26,26;19,52;14,64;11,27;10,67
41;26,26;19,52;16,59;7,89;7,39
41;26,26;19,52;18,54;2,64;2,44
43;20,37;16,94;0,05;30,11;25,91
43;20,37;16,94;0,17;28,86;24,76
43;20,37;16,94;0,34;26,3;22,6
43;20,37;16,94;0,51;24,93;21,33
43;20,37;16,94;0,68;24,13;20,63
43;20,37;16,94;0,85;22,75;20,05
43;20,37;16,94;1,69;20,85;18,85
43;20,37;16,94;2,54;20,79;18,79
43;20,37;16,94;4,24;18,14;16,14
43;20,37;16,94;5,93;16,58;15,58
43;20,37;16,94;7,62;15,12;14,42
43;20,37;16,94;9,32;13,27;12,77
43;20,37;16,94;11,01;12,1;11,6
43;20,37;16,94;12,66;9,58;9,18
43;20,37;16,94;14,4;5,73;5,33
43;20,37;16,94;16,09;2,36;2,16
45;31,1;21,6;0,05;42,59;37,69
45;31,1;21,6;0,22;40,22;35,52
45;31,1;21,6;0,43;37,06;32,56
45;31,1;21,6;0,65;34,56;30,56
45;31,1;21,6;0,86;33,54;29,54
45;31,1;21,6;1,08;33,28;29,28
45;31,1;21,6;2,16;30,11;27,61
45;31,1;21,6;3,24;28,81;26,31
45;31,1;21,6;5,4;26,96;24,76
45;31,1;21,6;7,56;24,41;22,41
45;31,1;21,6;9,72;23,27;21,77
45;31,1;21,6;11,93;20,88;20,18
45;31,1;21,6;14,04;18,62;18,02
45;31,1;21,6;16,2;15,28;14,68
45;31,1;21,6;18,36;8,18;7,78
45;31,1;21,6;20,52;3,15;2,95
46;27,79;17,75;0,07;35,16;29,86
46;27,79;17,75;0,18;33,75;28,65
46;27,79;17,75;0,35;31,99;26,99
46;27,79;17,75;0,53;30,24;25,94
46;27,79;17,75;0,71;29,48;25,18
46;27,79;17,75;0,89;29,13;24,83
46;27,79;17,75;1,77;27,53;24,03
46;27,79;17,75;2,66;26,55;23,05
46;27,79;17,75;4,44;23,55;21,05
46;27,79;17,75;6,21;21,71;19,91
46;27,79;17,75;7,99;19,83;18,93
46;27,79;17,75;9,76;17,28;16,38
46;27,79;17,75;11,54;14,9;14
46;27,79;17,75;13,31;11,46;10,96
46;27,79;17,75;15,09;7,13;6,83
46;27,79;17,75;16,86;2,87;2,67
47;36,92;19,45;0,01;51,07;43,77
47;36,92;19,45;0,19;45,18;40,08
47;36,92;19,45;0,39;41,58;37,08
47;36,92;19,45;0,58;39,83;35,33
47;36,92;19,45;0,78;38,59;34,19
47;36,92;19,45;0,97;37,54;33,14
47;36,92;19,45;1,95;37,24;33,84
47;36,92;19,45;2,97;35,21;31,81
47;36,92;19,45;4,89;32,69;29,69
47;36,92;19,45;6,81;29,95;27,95
47;36,92;19,45;8,75;27,47;25,57
47;36,92;19,45;10,7;23,87;21,97
47;36,92;19,45;12,64;21,49;19,89
47;36,92;19,45;14,66;14,64;13,84
47;36,92;19,45;16,53;9,1;8,9
47;36,92;19,45;18,48;3,18;2,98
51;31,67;16,95;0;45,66;36,16
51;31,67;16,95;0,22;44,86;36,16
51;31,67;16,95;0,34;40,34;31,64
51;31,67;16,95;0,51;35,5;29
51;31,67;16,95;0,68;34,73;28,43
51;31,67;16,95;0,85;33,9;27,6
51;31,67;16,95;1,7;30,02;25,32
51;31,67;16,95;2,54;28,14;24,44
51;31,67;16,95;4,2;26,36;23,16
51;31,67;16,95;5,9;24,03;20,83
51;31,67;16,95;7,65;21,01;18,71
51;31,67;16,95;9,37;17,51;16,11
51;31,67;16,95;11,02;14,51;13,41
51;31,67;16,95;12,71;10,6;9,9
51;31,67;16,95;14,41;6,46;6,16
51;31,67;16,95;16,1;3,22;3,02
53;39,12;16,02;0,06;51,27;41,67
53;39,12;16,02;0,16;47,84;38,64
53;39,12;16,02;0,32;43,95;35,65
53;39,12;16,02;0,48;42,65;34,35
53;39,12;16,02;0,64;41,34;33,04
53;39,12;16,02;0,8;40,85;32,75
53;39,12;16,02;1,6;37,27;29,77
53;39,12;16,02;2,4;35,78;29,08
53;39,12;16,02;4,01;31,54;26,04
53;39,12;16,02;5,61;28,65;24,15
53;39,12;16,02;7,21;25,72;23,12
53;39,12;16,02;8,81;24,26;21,76
53;39,12;16,02;10,41;20,85;18,45
53;39,12;16,02;12,02;15,31;13,41
53;39,12;16,02;13,62;8,34;7,44
53;39,12;16,02;15,22;2,01;1,61
54;13,02;9,96;0,04;19,07;14,37
54;13,02;9,96;0,1;18,56;13,86
54;13,02;9,96;0,2;16,52;11,82
54;13,02;9,96;0,3;16,11;11,71
54;13,02;9,96;0,4;15,41;11,21
54;13,02;9,96;0,5;14,32;10,12
54;13,02;9,96;1;13,24;9,84
54;13,02;9,96;1,49;12,51;9,31
54;13,02;9,96;2,49;11,78;8,98
54;13,02;9,96;3,49;9,39;8,19
54;13,02;9,96;4,48;8,63;7,93
54;13,02;9,96;5,48;7,58;7,08
54;13,02;9,96;6,47;5,73;5,53
54;13,02;9,96;7,47;4,65;4,45
54;13,02;9,96;8,47;2,13;2,13
54;13,02;9,96;9,46;0,67;0,67
55;36,03;21,13;0,19;42,65;36,25
55;36,03;21,13;0,21;41,7;36,3
55;36,03;21,13;0,42;40,27;35,57
55;36,03;21,13;0,63;39,66;35,26
55;36,03;21,13;0,85;37,62;33,52
55;36,03;21,13;1,06;36,57;32,67
55;36,03;21,13;2,11;33,74;31,44
55;36,03;21,13;3,17;32,09;30,09
55;36,03;21,13;5,28;28,68;26,88
55;36,03;21,13;7,4;25,08;23,98
55;36,03;21,13;9,51;23,08;22,28
55;36,03;21,13;11,66;21,07;20,37
55;36,03;21,13;13,73;18,46;17,86
55;36,03;21,13;15,85;15,25;14,85
55;36,03;21,13;17,96;9,58;9,38
55;36,03;21,13;20,07;3,57;3,57
56;46,44;24,93;0,02;63,34;50,94
56;46,44;24,93;0,25;57,14;46,24
56;46,44;24,93;0,5;53,22;43,22
56;46,44;24,93;0,75;49,5;39,9
56;46,44;24,93;1;47,59;38,29
56;46,44;24,93;1,25;46,6;37,8
56;46,44;24,93;2,49;42,37;34,27
56;46,44;24,93;3,74;38,67;31,87
56;46,44;24,93;6,23;35,78;30,28
56;46,44;24,93;8,73;31,1;27,4
56;46,44;24,93;11,3;28,68;25,58
56;46,44;24,93;13,71;25,78;23,68
56;46,44;24,93;16,2;22,79;20,99
56;46,44;24,93;18,75;17,67;16,37
56;46,44;24,93;21,19;12,16;11,26
56;46,44;24,93;23,68;5,13;4,73
57;41,76;24,94;0,02;49,91;39,41
57;41,76;24,94;0,25;47,75;37,35
57;41,76;24,94;0,5;44,37;36,37
57;41,76;24,94;0,75;42,56;34,76
57;41,76;24,94;1;42,08;34,78
57;41,76;24,94;1,25;42,02;35,52
57;41,76;24,94;2,49;38,9;34,1
57;41,76;24,94;3,74;35,49;32,79
57;41,76;24,94;6,31;33,58;31,58
57;41,76;24,94;8,73;31,89;30,09
57;41,76;24,94;11,22;30,27;28,47
57;41,76;24,94;13,72;27,82;26,22
57;41,76;24,94;16,21;24,67;23,47
57;41,76;24,94;18,7;21,17;20,07
57;41,76;24,94;21,28;12,13;11,53
57;41,76;24,94;23,69;6,78;6,38
59;33,42;27,25;0,08;41,99;34,19
59;33,42;27,25;0,27;37,53;30,83
59;33,42;27,25;0,55;36,54;30,94
59;33,42;27,25;0,82;35,14;30,04
59;33,42;27,25;1,09;34,35;29,85
59;33,42;27,25;1,36;33,26;28,76
59;33,42;27,25;2,72;32,02;28,02
59;33,42;27,25;4,09;31;27,1
59;33,42;27,25;6,81;27,57;24,37
59;33,42;27,25;9,54;25,15;22,55
59;33,42;27,25;12,26;23,87;22,07
59;33,42;27,25;14,99;21,07;19,87
59;33,42;27,25;17,71;18,78;17,98
59;33,42;27,25;20,49;15,34;14,84
59;33,42;27,25;23,2;9,96;9,76
59;33,42;27,25;25,84;3,82;3,62
60;22,66;22,81;0,04;28,55;23,85
60;22,66;22,81;0,23;26,1;21,7
60;22,66;22,81;0,46;24,57;20,77
60;22,66;22,81;0,68;23,68;21,08
60;22,66;22,81;0,91;23,08;20,58
60;22,66;22,81;1,14;22,7;20,6
60;22,66;22,81;2,28;21,23;19,43
60;22,66;22,81;3,42;20,09;18,59
60;22,66;22,81;5,7;18,18;16,98
60;22,66;22,81;7,98;16,81;15,81
60;22,66;22,81;10,26;15,09;14,29
60;22,66;22,81;12,55;13,62;12,82
60;22,66;22,81;14,83;11,55;10,95
60;22,66;22,81;17,11;9,49;8,99
60;22,66;22,81;19,39;7,86;7,46
60;22,66;22,81;21,61;5,32;5,12
62;46,92;25,45;0,1;55,04;41,54
62;46,92;25,45;0,25;52,2;44,4
62;46,92;25,45;0,51;50,32;43,12
62;46,92;25,45;0,76;49,59;44,09
62;46,92;25,45;1,02;48,54;43,84
62;46,92;25,45;1,27;46,98;42,68
62;46,92;25,45;2,55;45,39;41,39
62;46,92;25,45;3,82;45,1;41,4
62;46,92;25,45;6,36;42,05;39,15
62;46,92;25,45;8,91;39,82;37,72
62;46,92;25,45;11,45;37,11;35,01
62;46,92;25,45;14,02;32,47;30,67
62;46,92;25,45;16,55;27,57;26,27
62;46,92;25,45;19,09;21,2;20,2
62;46,92;25,45;21,63;12,89;12,09
62;46,92;25,45;24,18;4,04;3,84
63;21,74;19,36;0,1;28,68;18,68
63;21,74;19,36;0,19;25,4;17,9
63;21,74;19,36;0,39;24,73;18,63
63;21,74;19,36;0,58;23,71;18,01
63;21,74;19,36;0,77;23,17;18,17
63;21,74;19,36;0,97;21,84;18,34
63;21,74;19,36;1,94;21,17;17,97
63;21,74;19,36;2,85;19,39;16,89
63;21,74;19,36;4,84;18,02;16,12
63;21,74;19,36;6,78;16,27;14,57
63;21,74;19,36;8,71;14,48;13,68
63;21,74;19,36;10,65;12,64;11,94
63;21,74;19,36;12,58;11,55;10,95
63;21,74;19,36;14,52;9,52;8,92
63;21,74;19,36;16,46;5,73;5,33
63;21,74;19,36;18,39;2,04;1,84
64;18,37;19,1;0,03;24,54;18,74
64;18,37;19,1;0,19;21,52;18,32
64;18,37;19,1;0,38;20,24;18,04
64;18,37;19,1;0,57;19,89;18,09
64;18,37;19,1;0,76;19,19;17,49
64;18,37;19,1;0,95;19,13;17,53
64;18,37;19,1;1,91;18,05;16,65
64;18,37;19,1;2,87;17;15,8
64;18,37;19,1;4,78;15,76;14,76
64;18,37;19,1;6,68;14,36;13,56
64;18,37;19,1;8,6;13,18;12,58
64;18,37;19,1;10,51;11,62;11,02
64;18,37;19,1;12,41;10,15;9,75
64;18,37;19,1;14,32;7,86;7,46
64;18,37;19,1;16,24;5,06;4,86
64;18,37;19,1;18,15;1,53;1,53
66;25,94;17,54;0,03;37,5;24,3
66;25,94;17,54;0,18;30,91;22,01
66;25,94;17,54;0,35;29,95;22,25
66;25,94;17,54;0,53;28,93;21,73
66;25,94;17,54;0,7;27,92;20,92
66;25,94;17,54;0,88;27,22;20,42
66;25,94;17,54;1,75;24,19;20,79
66;25,94;17,54;2,63;22,5;19,5
66;25,94;17,54;4,36;19,83;17,43
66;25,94;17,54;6,14;17,63;15,73
66;25,94;17,54;7,89;16,3;14,7
66;25,94;17,54;9,62;14,67;13,47
66;25,94;17,54;11,33;12,51;11,41
66;25,94;17,54;13,12;10,35;9,25
66;25,94;17,54;14,91;6,53;5,93
66;25,94;17,54;16,66;2,52;2,12
67;33,65;18,69;0,02;45,2;32,4
67;33,65;18,69;0,19;41,79;31,09
67;33,65;18,69;0,37;39,09;30,29
67;33,65;18,69;0,56;38,1;29,6
67;33,65;18,69;0,75;35,78;28,48
67;33,65;18,69;0,93;34,06;27,86
67;33,65;18,69;1,87;31,51;26,71
67;33,65;18,69;2,8;30,21;25,51
67;33,65;18,69;4,67;26,96;24,16
67;33,65;18,69;6,54;24,73;22,73
67;33,65;18,69;8,41;22,54;20,94
67;33,65;18,69;10,34;20,21;18,71
67;33,65;18,69;12,15;17,38;16,38
67;33,65;18,69;14,02;13,37;12,57
67;33,65;18,69;15,89;8,12;7,72
67;33,65;18,69;17,76;2,39;2,19
68;40,11;19,91;0,08;54,46;39,96
68;40,11;19,91;0,2;46,47;34,17
68;40,11;19,91;0,4;44,79;34,69
68;40,11;19,91;0,6;44,15;34,15
68;40,11;19,91;0,8;43,74;34,54
68;40,11;19,91;1;42,14;33,94
68;40,11;19,91;1,99;39,6;31,9
68;40,11;19,91;2,99;33,01;28,01
68;40,11;19,91;4,98;30,21;26,71
68;40,11;19,91;6,97;28,43;25,23
68;40,11;19,91;8,92;26,42;24,52
68;40,11;19,91;10,95;24,32;22,42
68;40,11;19,91;12,94;20,53;19,13
68;40,11;19,91;14,9;16,84;15,94
68;40,11;19,91;16,92;5,54;5,14
68;40,11;19,91;18,91;2,52;2,32
72;38,52;21,02;0,04;47,33;37,83
72;38,52;21,02;0,21;46,79;37,59
72;38,52;21,02;0,42;42,81;36,31
72;38,52;21,02;0,63;41,22;35,42
72;38,52;21,02;0,84;39,09;33,39
72;38,52;21,02;1,05;38,52;33,12
72;38,52;21,02;2,1;37,56;33,56
72;38,52;21,02;3,15;35,71;32,11
72;38,52;21,02;5,26;33,55;30,75
72;38,52;21,02;7,36;31,83;29,93
72;38,52;21,02;9,46;28,97;27,47
72;38,52;21,02;11,56;25,94;24,94
72;38,52;21,02;13,66;21,23;20,33
72;38,52;21,02;15,77;16,74;15,94
72;38,52;21,02;17,87;10,28;9,68
72;38,52;21,02;19,97;3,88;3,68
75;28,23;16,79;0,02;39,88;31,98
75;28,23;16,79;0,17;37,05;30,35
75;28,23;16,79;0,34;33,14;26,64
75;28,23;16,79;0,5;31,16;25,16
75;28,23;16,79;0,67;29,76;24,56
75;28,23;16,79;0,84;29,28;24,48
75;28,23;16,79;1,68;27,82;23,82
75;28,23;16,79;2,52;26,52;23,22
75;28,23;16,79;4,2;23,97;21,77
75;28,23;16,79;5,88;23,24;21,34
75;28,23;16,79;7,56;20,85;19,55
75;28,23;16,79;9,23;19,48;18,28
75;28,23;16,79;10,91;16,52;15,82
75;28,23;16,79;12,59;13,18;12,48
75;28,23;16,79;14,27;5,28;4,98
75;28,23;16,79;15,95;1,88;1,68
77;41,13;20,39;0,04;50,77;42,77
77;41,13;20,39;0,2;47,91;40,11
77;41,13;20,39;0,41;46,31;38,51
77;41,13;20,39;0,61;44,72;37,92
77;41,13;20,39;0,82;43,51;37,91
77;41,13;20,39;1,02;41,95;36,35
77;41,13;20,39;2,04;38,67;33,87
77;41,13;20,39;3,06;36,92;32,92
77;41,13;20,39;5,1;32,69;29,49
77;41,13;20,39;7,14;30,02;27,22
77;41,13;20,39;9,18;27,5;25,3
77;41,13;20,39;11,21;24,57;22,77
77;41,13;20,39;13,25;21,33;19,73
77;41,13;20,39;15,09;16,46;15,06
77;41,13;20,39;17,33;8,72;8,12
77;41,13;20,39;19,37;3,18;2,78
78;12,99;11,76;0,07;21,33;14,23
78;12,99;11,76;0,12;18,84;12,54
78;12,99;11,76;0,24;16,87;12,47
78;12,99;11,76;0,35;16,42;12,72
78;12,99;11,76;0,47;15,63;11,93
78;12,99;11,76;0,59;15,15;12,05
78;12,99;11,76;1,18;14,26;11,46
78;12,99;11,76;1,76;12,76;10,76
78;12,99;11,76;2,94;11,59;10,69
78;12,99;11,76;4,12;10,28;9,68
78;12,99;11,76;5,29;9,36;8,76
78;12,99;11,76;6,47;8,53;8,03
78;12,99;11,76;7,64;7,42;7,02
78;12,99;11,76;8,82;6,05;5,85
78;12,99;11,76;10;4,3;4,1
78;12,99;11,76;11,17;1,91;1,91
81;24,03;17,32;0,03;32,98;23,98
81;24,03;17,32;0,17;30,69;22,69
81;24,03;17,32;0,35;28,9;21,9
81;24,03;17,32;0,52;27,34;20,84
81;24,03;17,32;0,69;27,18;20,88
81;24,03;17,32;0,87;26,55;21,55
81;24,03;17,32;1,73;23,78;19,28
81;24,03;17,32;2,6;21,9;18,1
81;24,03;17,32;4,33;19,51;16,71
81;24,03;17,32;6,06;17,86;15,96
81;24,03;17,32;7,79;16,36;14,56
81;24,03;17,32;9,53;14,74;13,64
81;24,03;17,32;11,26;13,11;12,41
81;24,03;17,32;12,99;10,03;9,43
81;24,03;17,32;14,76;5,79;5,39
81;24,03;17,32;16,45;0,32;0,32
83;39,37;21,01;0,04;48,7;38,5
83;39,37;21,01;0,21;46,79;37,29
83;39,37;21,01;0,42;44,5;36
83;39,37;21,01;0,63;42,69;34,19
83;39,37;21,01;0,84;41,54;33,04
83;39,37;21,01;1,05;39,95;31,55
83;39,37;21,01;2,1;36,19;28,89
83;39,37;21,01;3,15;33,26;29,06
83;39,37;21,01;5,25;29,79;26,19
83;39,37;21,01;7,35;27,22;25,02
83;39,37;21,01;9,45;25,11;23,31
83;39,37;21,01;11,56;21,55;19,85
83;39,37;21,01;13,66;17,51;16,31
83;39,37;21,01;15,76;12,41;11,51
83;39,37;21,01;17,86;8,85;8,55
83;39,37;21,01;19,96;3,02;2,82
84;34,38;21,18;0,06;41,83;33,33
84;34,38;21,18;0,21;38,77;31,77
84;34,38;21,18;0,42;37,37;32,07
84;34,38;21,18;0,64;36,13;30,83
84;34,38;21,18;0,85;35,24;30,14
84;34,38;21,18;1,06;34,92;30,12
84;34,38;21,18;2,12;33,74;28,94
84;34,38;21,18;3,18;32,09;28,19
84;34,38;21,18;5,3;29,13;25,93
84;34,38;21,18;7,41;26,29;23,29
84;34,38;21,18;9,53;23,59;21,99
84;34,38;21,18;11,65;21,29;19,69
84;34,38;21,18;13,77;19,45;17,85
84;34,38;21,18;15,89;16,3;15,3
84;34,38;21,18;17,94;12,54;11,54
84;34,38;21,18;20,16;3,47;3,07
85;45,01;20,51;0,06;60,96;48,36
85;45,01;20,51;0,21;56,4;46,4
85;45,01;20,51;0,41;53,83;43,83
85;45,01;20,51;0,62;52,3;42,3
85;45,01;20,51;0,82;50,13;40,83
85;45,01;20,51;1,03;46,7;38,2
85;45,01;20,51;2,05;41,41;35,71
85;45,01;20,51;3,08;38,64;33,84
85;45,01;20,51;5,13;35,3;32,5
85;45,01;20,51;7,18;32,24;29,84
85;45,01;20,51;9,23;29,98;28,28
85;45,01;20,51;11,28;27,82;26,22
85;45,01;20,51;13,33;24,8;23,6
85;45,01;20,51;15,41;17,92;17,02
85;45,01;20,51;17,43;8,72;8,22
85;45,01;20,51;19,48;0,32;0,32
86;17,44;14,95;0,04;25,91;18,11
86;17,44;14,95;0,15;24,51;18,51
86;17,44;14,95;0,3;23,05;17,05
86;17,44;14,95;0,45;21,65;16,15
86;17,44;14,95;0,6;20,37;15,07
86;17,44;14,95;0,75;19,42;14,42
86;17,44;14,95;1,5;17,32;13,82
86;17,44;14,95;2,24;16,01;13,71
86;17,44;14,95;3,74;14,32;12,72
86;17,44;14,95;5,23;13,02;12,12
86;17,44;14,95;6,76;12,13;11,33
86;17,44;14,95;8,22;11,59;10,79
86;17,44;14,95;9,72;9,77;9,17
86;17,44;14,95;11,21;6,37;5,97
86;17,44;14,95;12,71;4,23;4,03
86;17,44;14,95;14,2;1,59;1,39
88;21,58;12,68;0,07;35,31;29,41
88;21,58;12,68;0,13;27,19;23,49
88;21,58;12,68;0,25;24,98;21,68
88;21,58;12,68;0,38;23,61;20,31
88;21,58;12,68;0,51;22,53;19,93
88;21,58;12,68;0,63;21,99;19,39
88;21,58;12,68;1,27;21,61;19,31
88;21,58;12,68;1,9;19,89;17,59
88;21,58;12,68;3,17;18,08;15,88
88;21,58;12,68;4,44;17,57;15,77
88;21,58;12,68;5,71;15,66;14,16
88;21,58;12,68;6,92;14,29;12,79
88;21,58;12,68;8,28;12,61;11,71
88;21,58;12,68;9,5;9,14;8,44
88;21,58;12,68;10,78;6,11;5,71
88;21,58;12,68;12,05;2,23;2,03
98;29,35;15,02;0,1;36,96;29,86
98;29,35;15,02;0,15;33,89;29,19
98;29,35;15,02;0,3;32,58;27,88
98;29,35;15,02;0,45;30,62;26,32
98;29,35;15,02;0,6;30,08;25,78
98;29,35;15,02;0,75;29,35;25,05
98;29,35;15,02;1,5;29,28;25,58
98;29,35;15,02;2,25;28,17;24,47
98;29,35;15,02;3,76;25,78;22,08
98;29,35;15,02;5,26;23,87;21,37
98;29,35;15,02;6,75;21,07;18,87
98;29,35;15,02;8,26;18,46;17,06
98;29,35;15,02;9,76;15,37;14,57
98;29,35;15,02;11,27;11,71;11,11
98;29,35;15,02;12,77;5,06;4,86
98;29,35;15,02;14,24;2,42;2,22
99;37,88;18,24;0,08;51,76;43,16
99;37,88;18,24;0,18;48,73;40,43
99;37,88;18,24;0,36;44,61;38,01
99;37,88;18,24;0,55;41,46;36,16
99;37,88;18,24;0,73;41,08;35,78
99;37,88;18,24;0,91;40,12;34,82
99;37,88;18,24;1,82;37,21;33,11
99;37,88;18,24;2,74;35,75;32,65
99;37,88;18,24;4,52;32,59;30,79
99;37,88;18,24;6,3;31,13;29,43
99;37,88;18,24;8,21;25,97;24,37
99;37,88;18,24;10,03;22,5;21,2
99;37,88;18,24;11,86;17,67;16,57
99;37,88;18,24;13,64;14,01;13,21
99;37,88;18,24;15,5;7,74;7,44
99;37,88;18,24;17,33;2,48;2,28
100;17,89;14,47;0,05;24,5;19
100;17,89;14,47;0,14;22,63;18,33
100;17,89;14,47;0,29;21,33;17,13
100;17,89;14,47;0,43;20,3;16,3
100;17,89;14,47;0,58;19,42;15,92
100;17,89;14,47;0,72;18,97;15,47
100;17,89;14,47;1,45;18,56;16,56
100;17,89;14,47;2,17;17,28;15,28
100;17,89;14,47;3,62;16,04;14,24
100;17,89;14,47;5,05;13,69;11,99
100;17,89;14,47;6,51;12,13;10,83
100;17,89;14,47;7,93;10,03;8,93
100;17,89;14,47;9,41;8,53;7,83
100;17,89;14,47;10,9;6,75;6,15
100;17,89;14,47;12,3;4,46;4,26
100;17,89;14,47;13,77;1,66;1,46
101;21,65;16,15;0,07;27,3;21,2
101;21,65;16,15;0,16;25,22;20,12
101;21,65;16,15;0,32;24,1;19,1
101;21,65;16,15;0,48;22,64;18,24
101;21,65;16,15;0,65;21,94;17,54
101;21,65;16,15;0,81;21,33;17,03
101;21,65;16,15;1,62;21,17;17,67
101;21,65;16,15;2,43;20,59;17,09
101;21,65;16,15;4,04;20,28;17,58
101;21,65;16,15;5,65;15,69;13,89
101;21,65;16,15;7,27;14,2;12,8
101;21,65;16,15;8,84;12,57;11,27
101;21,65;16,15;10,5;11,11;10,01
101;21,65;16,15;12,16;8,66;7,96
101;21,65;16,15;13,7;6,4;6,1
101;21,65;16,15;15,34;2,55;2,35
102;17,73;13,77;0,02;23,24;19,74
102;17,73;13,77;0,13;22,34;18,84
102;17,73;13,77;0,27;21,76;18,46
102;17,73;13,77;0,41;21,04;18,14
102;17,73;13,77;0,55;19,2;17
102;17,73;13,77;0,68;18,44;16,74
102;17,73;13,77;1,37;18,02;17,02
102;17,73;13,77;2,06;17,83;16,83
102;17,73;13,77;3,44;17,19;16,19
102;17,73;13,77;4,81;14,96;14,16
102;17,73;13,77;6,19;14,32;13,62
102;17,73;13,77;7,57;12,16;11,56
102;17,73;13,77;8,95;10,82;10,32
102;17,73;13,77;10,32;8,05;7,65
102;17,73;13,77;11,7;4,78;4,38
102;17,73;13,77;13,08;1,59;1,59
103;20,05;13,9;0,01;25,32;20,82
103;20,05;13,9;0,13;24,22;20,02
103;20,05;13,9;0,27;22,8;19,1
103;20,05;13,9;0,41;21,63;18,53
103;20,05;13,9;0,55;21,14;18,14
103;20,05;13,9;0,69;21,1;19,1
103;20,05;13,9;1,39;18,53;17,03
103;20,05;13,9;2,08;17,83;16,63
103;20,05;13,9;3,47;16,55;15,35
103;20,05;13,9;4,86;15,6;14,4
103;20,05;13,9;6,25;14,32;13,32
103;20,05;13,9;7,64;13,05;12,15
103;20,05;13,9;9,03;11,27;10,47
103;20,05;13,9;10,42;8,98;8,58
103;20,05;13,9;11,82;6,05;5,85
103;20,05;13,9;13,2;2,23;2,23
104;40,74;18,92;0,09;52,93;43,93
104;40,74;18,92;0,18;48,39;42,59
104;40,74;18,92;0,37;45,15;40,55
104;40,74;18,92;0,56;43,37;39,47
104;40,74;18,92;0,75;42,19;38,29
104;40,74;18,92;0,94;41,78;37,88
104;40,74;18,92;1,89;41,38;37,68
104;40,74;18,92;2,83;38,93;35,23
104;40,74;18,92;4,73;34,7;31,2
104;40,74;18,92;6,62;30,3;28
104;40,74;18,92;8,51;27,69;25,89
104;40,74;18,92;10,4;24,35;23,25
104;40,74;18,92;12,29;19,54;18,54
104;40,74;18,92;14,19;14,32;13,82
104;40,74;18,92;16,08;9,23;9,03
104;40,74;18,92;17,97;2,23;2,23
108;34,5;16,4;0,08;44;38,2
108;34,5;16,4;0,16;42,16;36,86
108;34,5;16,4;0,32;39,87;34,57
108;34,5;16,4;0,49;37,81;32,91
108;34,5;16,4;0,65;36,65;32,15
108;34,5;16,4;0,82;36,33;31,83
108;34,5;16,4;1,64;34,7;30,7
108;34,5;16,4;2,46;34,06;30,06
108;34,5;16,4;4,1;30,88;26,88
108;34,5;16,4;5,74;29,28;26,08
108;34,5;16,4;7,38;26,55;24,35
108;34,5;16,4;9,02;21,96;20,36
108;34,5;16,4;10,66;18,72;17,72
108;34,5;16,4;12,3;10,95;10,35
108;34,5;16,4;13,94;6,81;6,41
108;34,5;16,4;15,58;2,64;2,44
111;25,31;12,59;0;36,63;29,63
111;25,31;12,59;0,13;34,28;29,28
111;25,31;12,59;0,25;33,2;28,2
111;25,31;12,59;0,38;29,47;25,27
111;25,31;12,59;0,5;27,73;24,03
111;25,31;12,59;0,63;25,51;23,01
111;25,31;12,59;1,26;25,02;22,92
111;25,31;12,59;1,89;20,09;18,09
111;25,31;12,59;3,15;19,39;17,69
111;25,31;12,59;4,41;17,89;16,29
111;25,31;12,59;5,67;16,65;15,45
111;25,31;12,59;6,93;14,99;13,79
111;25,31;12,59;8,18;9,9;8,9
111;25,31;12,59;9,44;5,03;4,53
111;25,31;12,59;10,7;4,14;3,94
111;25,31;12,59;11,96;1,85;1,65
114;40,62;16,47;0,07;47,42;39,92
114;40,62;16,47;0,16;46,43;38,93
114;40,62;16,47;0,33;44,04;37,34
114;40,62;16,47;0,49;42,44;35,94
114;40,62;16,47;0,66;40,66;34,76
114;40,62;16,47;0,82;39,41;33,71
114;40,62;16,47;1,65;39,31;33,61
114;40,62;16,47;2,47;36,13;30,83
114;40,62;16,47;4,12;32,34;29,44
114;40,62;16,47;5,76;30,37;27,67
114;40,62;16,47;7,44;27,98;25,28
114;40,62;16,47;9,06;27,28;24,58
114;40,62;16,47;10,71;21,68;19,38
114;40,62;16,47;12,39;14,29;13,09
114;40,62;16,47;14,06;7,42;6,82
114;40,62;16,47;15,65;2,32;2,12
116;19,93;14,66;0,06;26,48;19,68
116;19,93;14,66;0,14;24,61;18,81
116;19,93;14,66;0,29;23,78;19,68
116;19,93;14,66;0,43;22,57;19,47
116;19,93;14,66;0,58;21,45;18,45
116;19,93;14,66;0,73;21,17;18,87
116;19,93;14,66;1,46;19,42;17,32
116;19,93;14,66;2,19;18,68;16,68
116;19,93;14,66;3,65;17,06;15,26
116;19,93;14,66;5,12;15,63;13,93
116;19,93;14,66;6,58;14,42;13,12
116;19,93;14,66;8,04;12,73;11,73
116;19,93;14,66;9,51;11,55;10,85
116;19,93;14,66;10,97;8,91;8,41
116;19,93;14,66;12,43;3,44;3,04
116;19,93;14,66;13,89;1,75;1,55
117;30,24;18,64;0,12;39,22;27,22
117;30,24;18,64;0,18;36,35;26,35
117;30,24;18,64;0,37;35,33;27,83
117;30,24;18,64;0,55;32,95;26,85
117;30,24;18,64;0,74;30,88;27,88
117;30,24;18,64;0,93;30,56;27,86
117;30,24;18,64;1,86;28,3;25,9
117;30,24;18,64;2,79;26,96;24,96
117;30,24;18,64;4,66;24,38;22,38
117;30,24;18,64;6,52;22,28;20,48
117;30,24;18,64;8,38;21,29;19,99
117;30,24;18,64;10,25;17,98;16,98
117;30,24;18,64;12,11;15,18;14,58
117;30,24;18,64;13,93;10,82;10,22
117;30,24;18,64;15,88;6,18;5,78
117;30,24;18,64;17,7;2,67;2,47
120;19,42;12,14;0,09;32,56;22,56
120;19,42;12,14;0,12;30,18;22,18
120;19,42;12,14;0,24;27,25;20,75
120;19,42;12,14;0,36;23,68;17,18
120;19,42;12,14;0,48;23,24;19,24
120;19,42;12,14;0,6;19,86;16,86
120;19,42;12,14;1,21;19,67;17,67
120;19,42;12,14;1,82;19,23;17,63
120;19,42;12,14;3,03;17,48;16,08
120;19,42;12,14;4,25;16,39;15,29
120;19,42;12,14;5,46;15,76;14,96
120;19,42;12,14;6,67;12,99;12,39
120;19,42;12,14;7,89;10,95;10,55
120;19,42;12,14;9,1;8,59;8,39
120;19,42;12,14;10,35;4,78;4,58
120;19,42;12,14;11,55;2,45;2,25
121;15,88;11,8;0,06;23,27;15,27
121;15,88;11,8;0,11;21,74;15,74
121;15,88;11,8;0,23;20,85;16,85
121;15,88;11,8;0,35;19,23;15,23
121;15,88;11,8;0,47;18,62;15,02
121;15,88;11,8;0,59;18,4;15,1
121;15,88;11,8;1,18;17,03;14,83
121;15,88;11,8;1,77;14,8;12,8
121;15,88;11,8;2,95;14,64;12,64
121;15,88;11,8;4,13;11,71;10,41
121;15,88;11,8;5,31;10,44;9,44
121;15,88;11,8;6,49;10,12;9,72
121;15,88;11,8;7,67;9,55;9,15
121;15,88;11,8;8,8;7,39;7,19
121;15,88;11,8;10,03;3,76;3,56
121;15,88;11,8;11,21;1,91;1,71
122;35,81;16,2;0,06;45,52;34,52
122;35,81;16,2;0,16;42,97;34,67
122;35,81;16,2;0,32;41,16;33,56
122;35,81;16,2;0,48;40,17;32,77
122;35,81;16,2;0,64;39,22;33,42
122;35,81;16,2;0,81;37,72;33,12
122;35,81;16,2;1,62;35,4;31,6
122;35,81;16,2;2,43;33,07;29,87
122;35,81;16,2;4,05;29,79;26,89
122;35,81;16,2;5,67;28,23;25,93
122;35,81;16,2;7,41;25,91;23,81
122;35,81;16,2;8,91;19,64;17,74
122;35,81;16,2;10,53;15,92;14,62
122;35,81;16,2;12,15;10,76;9,86
122;35,81;16,2;14,25;5,44;5,04
122;35,81;16,2;15,39;2,07;1,87
123;13,85;12;0,04;26,1;13,6
123;13,85;12;0,12;23,91;13,91
123;13,85;12;0,24;21,23;13,23
123;13,85;12;0,36;19,39;13,39
123;13,85;12;0,48;17,92;12,02
123;13,85;12;0,6;16,87;11,87
123;13,85;12;1,2;14,39;11,09
123;13,85;12;1,8;13,43;11,13
123;13,85;12;3;12,1;10,4
123;13,85;12;4,2;11,4;10,3
123;13,85;12;5,4;9,33;8,53
123;13,85;12;6,6;7,58;7,08
123;13,85;12;7,8;6,84;6,44
123;13,85;12;9;5,73;5,53
123;13,85;12;10,2;3,66;3,46
123;13,85;12;11,4;1,69;1,49
124;16,39;12,17;0,14;24,7;16,7
124;16,39;12,17;0,16;21,96;14,46
124;16,39;12,17;0,24;21,45;15,45
124;16,39;12,17;0,36;20,47;15,77
124;16,39;12,17;0,48;20,05;16,35
124;16,39;12,17;0,6;19,42;16,82
124;16,39;12,17;1,21;16,97;14,57
124;16,39;12,17;1,82;16,07;14,07
124;16,39;12,17;3,04;14,93;13,23
124;16,39;12,17;4,3;13,4;12,4
124;16,39;12,17;5,47;12,41;11,61
124;16,39;12,17;6,69;11,52;10,92
124;16,39;12,17;7,91;11,33;10,93
124;16,39;12,17;9,12;7,04;6,84
124;16,39;12,17;10,38;3,12;2,92
124;16,39;12,17;11,56;1,27;1,07
125;45,2;21,18;0,13;61,75;47,55
125;45,2;21,18;0,21;55,83;43,93
125;45,2;21,18;0,42;54,05;43,15
125;45,2;21,18;0,63;52,14;42,54
125;45,2;21,18;0,84;49,21;40,81
125;45,2;21,18;1,05;47,75;40,35
125;45,2;21,18;2,11;43,32;36,62
125;45,2;21,18;3,17;41,32;35,72
125;45,2;21,18;5,29;37,94;33,24
125;45,2;21,18;7,41;31,96;28,76
125;45,2;21,18;9,53;30,65;28,25
125;45,2;21,18;11,64;26,71;24,51
125;45,2;21,18;13,76;21,1;19,6
125;45,2;21,18;15,88;15,57;14,47
125;45,2;21,18;18,07;8,88;8,18
125;45,2;21,18;20,12;3,98;3,58
129;34,09;16,21;0,09;44,56;35,76
129;34,09;16,21;0,16;43,19;35,99
129;34,09;16,21;0,32;41,16;33,96
129;34,09;16,21;0,49;38,55;31,45
129;34,09;16,21;0,65;37,24;30,24
129;34,09;16,21;0,81;36,19;29,59
129;34,09;16,21;1,62;33,39;28,09
129;34,09;16,21;2,43;31,32;27,02
129;34,09;16,21;4,05;28,78;25,08
129;34,09;16,21;5,69;28,65;25,35
129;34,09;16,21;7,29;24,32;21,92
129;34,09;16,21;8,89;21,2;19,6
129;34,09;16,21;10,54;16,04;14,54
129;34,09;16,21;12,16;10,25;9,45
129;34,09;16,21;13,78;6,53;6,13
129;34,09;16,21;15,4;2,96;2,76
131;46,06;19,21;0,13;53,73;45,03
131;46,06;19,21;0,19;50,93;42,23
131;46,06;19,21;0,38;49,85;41,15
131;46,06;19,21;0,58;48,26;39,76
131;46,06;19,21;0,77;46,09;37,69
131;46,06;19,21;0,96;46,09;39,59
131;46,06;19,21;1,92;43,39;37,39
131;46,06;19,21;2,88;41,95;36,45
131;46,06;19,21;4,8;38,77;34,97
131;46,06;19,21;6,72;37,18;33,48
131;46,06;19,21;8,64;33,2;29,8
131;46,06;19,21;10,57;29,79;27,09
131;46,06;19,21;12,49;25,4;23,5
131;46,06;19,21;14,41;20,4;18,9
131;46,06;19,21;16,33;10,66;9,76
131;46,06;19,21;18,25;2,13;1,93
133;18,21;18,43;0,05;22,06;17,46
133;18,21;18,43;0,18;20,69;16,09
133;18,21;18,43;0,36;19,61;15,01
133;18,21;18,43;0,55;19,42;14,82
133;18,21;18,43;0,73;19,42;15,32
133;18,21;18,43;0,92;18,3;15,1
133;18,21;18,43;1,84;17,44;14,44
133;18,21;18,43;2,76;17,28;15,58
133;18,21;18,43;4,6;15,92;14,92
133;18,21;18,43;6,45;14,51;13,71
133;18,21;18,43;8,29;13,15;12,35
133;18,21;18,43;10,13;11,78;11,18
133;18,21;18,43;11,97;9,61;9,01
133;18,21;18,43;13,82;7,64;7,34
133;18,21;18,43;15,66;5,86;5,66
133;18,21;18,43;17,5;3,25;3,05
136;10,63;14,14;0,04;14,64;10,54
136;10,63;14,14;0,14;14,01;9,91
136;10,63;14,14;0,28;12,89;8,89
136;10,63;14,14;0,42;12,41;9,11
136;10,63;14,14;0,56;11,59;8,59
136;10,63;14,14;0,7;11,46;8,86
136;10,63;14,14;1,41;10,92;9,12
136;10,63;14,14;2,12;9,93;8,33
136;10,63;14,14;3,53;8,72;7,72
136;10,63;14,14;4,94;8,02;7,22
136;10,63;14,14;6,36;7,04;6,44
136;10,63;14,14;7,77;6,18;5,68
136;10,63;14,14;9,19;5,35;4,95
136;10,63;14,14;10,6;4,62;4,42
136;10,63;14,14;12,01;3,92;3,72
136;10,63;14,14;13,43;2,23;2,23
141;22,95;15,33;0,07;30,49;23,99
141;22,95;15,33;0,15;28,74;22,64
141;22,95;15,33;0,31;28,3;22,3
141;22,95;15,33;0,46;26,83;20,93
141;22,95;15,33;0,61;25,56;20,16
141;22,95;15,33;0,77;24,51;19,81
141;22,95;15,33;1,53;22,95;18,65
141;22,95;15,33;2,3;21,9;18,6
141;22,95;15,33;3,83;19,67;17,67
141;22,95;15,33;5,37;17,41;15,51
141;22,95;15,33;6,9;17,09;15,29
141;22,95;15,33;8,51;13,66;12,46
141;22,95;15,33;9,96;11,87;10,87
141;22,95;15,33;11,5;9,3;8,6
141;22,95;15,33;13,03;5,67;5,07
141;22,95;15,33;14,56;2,1;1,9
143;34,63;18,27;0,03;47,27;33,87
143;34,63;18,27;0,18;42,05;29,75
143;34,63;18,27;0,37;40,23;28,43
143;34,63;18,27;0,55;37,56;26,56
143;34,63;18,27;0,73;36,86;26,36
143;34,63;18,27;0,91;35,94;28,64
143;34,63;18,27;1,83;32,44;25,64
143;34,63;18,27;2,74;30,4;25,9
143;34,63;18,27;4,57;27,79;25,49
143;34,63;18,27;6,42;25,46;23,36
143;34,63;18,27;8,22;24,03;21,93
143;34,63;18,27;10,05;20,98;18,98
143;34,63;18,27;11,88;17,32;15,52
143;34,63;18,27;13,77;11,68;10,38
143;34,63;18,27;15,53;5,09;4,49
143;34,63;18,27;17,36;2,04;1,84
144;43,8;21,55;0,12;60,48;50,48
144;43,8;21,55;0,22;52,04;42,04
144;43,8;21,55;0,43;48,61;39,11
144;43,8;21,55;0,65;46,66;38,86
144;43,8;21,55;0,86;45,74;37,94
144;43,8;21,55;1,08;44,82;37,32
144;43,8;21,55;2,15;41,06;34,06
144;43,8;21,55;3,23;38,01;32,41
144;43,8;21,55;5,39;34,03;30,03
144;43,8;21,55;7,54;31,26;27,66
144;43,8;21,55;9,7;28,65;26,05
144;43,8;21,55;11,85;26,07;24,37
144;43,8;21,55;14,01;23,05;21,55
144;43,8;21,55;16,16;17,86;16,46
144;43,8;21,55;18,36;9,45;8,55
144;43,8;21,55;20,47;2,55;2,35
151;28,65;20,94;0,07;34,46;29,76
151;28,65;20,94;0,21;32,57;28,27
151;28,65;20,94;0,42;30,22;26,52
151;28,65;20,94;0,63;29,08;25,78
151;28,65;20,94;0,84;27,95;25,15
151;28,65;20,94;1,05;27,95;25,15
151;28,65;20,94;2,09;27,85;25,75
151;28,65;20,94;3,14;26,36;24,46
151;28,65;20,94;5,24;25,62;24,22
151;28,65;20,94;7,33;24,16;22,96
151;28,65;20,94;9,42;23,14;22,04
151;28,65;20,94;11,52;20,24;19,54
151;28,65;20,94;13,61;18,3;17,8
151;28,65;20,94;15,7;15,28;14,88
151;28,65;20,94;17,8;9,14;8,94
151;28,65;20,94;19,85;3,82;3,62
152;44,12;21,29;0,02;58,62;49,02
152;44,12;21,29;0,21;53,06;44,56
152;44,12;21,29;0,43;48,32;41,22
152;44,12;21,29;0,64;46,37;40,17
152;44,12;21,29;0,85;45,76;39,66
152;44,12;21,29;1,07;45,37;39,57
152;44,12;21,29;2,13;44,09;39,89
152;44,12;21,29;3,19;41,83;37,83
152;44,12;21,29;5,4;38,29;35,79
152;44,12;21,29;7,45;34,85;32,55
152;44,12;21,29;9,58;32,47;30,37
152;44,12;21,29;11,71;27,15;26,15
152;44,12;21,29;13,84;23,3;22,6
152;44,12;21,29;15,97;16,93;16,33
152;44,12;21,29;18,1;9,96;9,56
152;44,12;21,29;20,23;4,14;3,84
155;18,46;15,27;0,08;22,31;17,51
155;18,46;15,27;0,15;22,21;17,51
155;18,46;15,27;0,31;20,51;16,01
155;18,46;15,27;0,46;19,56;15,06
155;18,46;15,27;0,61;19,42;15,22
155;18,46;15,27;0,76;18,77;14,67
155;18,46;15,27;1,53;18,43;15,93
155;18,46;15,27;2,29;16,58;14,08
155;18,46;15,27;3,82;14,96;12,56
155;18,46;15,27;5,34;12,61;10,91
155;18,46;15,27;6,87;11,78;10,18
155;18,46;15,27;8,4;11,05;9,95
155;18,46;15,27;9,93;8,72;7,82
155;18,46;15,27;11,45;7,26;6,56
155;18,46;15,27;12,98;5,16;4,56
155;18,46;15,27;14,51;2,48;2,08
156;20,21;17,48;0,05;28,86;24,06
156;20,21;17,48;0,17;26,88;22,38
156;20,21;17,48;0,35;23,32;19,32
156;20,21;17,48;0,52;21,77;18,27
156;20,21;17,48;0,7;21,23;17,73
156;20,21;17,48;0,87;20,78;17,28
156;20,21;17,48;1,75;20,53;18,53
156;20,21;17,48;2,62;18,46;16,46
156;20,21;17,48;4,37;16,9;15
156;20,21;17,48;6,12;16,62;14,92
156;20,21;17,48;7,87;14,13;13,13
156;20,21;17,48;9,61;12,32;11,42
156;20,21;17,48;11,36;11,3;10,5
156;20,21;17,48;13,11;10,19;9,59
156;20,21;17,48;14,86;6,56;6,06
156;20,21;17,48;16,61;2,55;2,35
157;44,66;22,74;0,02;59,11;50,61
157;44,66;22,74;0,23;54,9;47,4
157;44,66;22,74;0,45;50,83;44,53
157;44,66;22,74;0,68;48,08;42,18
157;44,66;22,74;0,91;47,44;41,54
157;44,66;22,74;1,14;45,83;40,33
157;44,66;22,74;2,27;42,34;38,04
157;44,66;22,74;3,41;40,65;36,75
157;44,66;22,74;5,68;37,88;34,98
157;44,66;22,74;7,96;35,21;32,71
157;44,66;22,74;10,23;32,44;30,74
157;44,66;22,74;12,51;28,9;27,4
157;44,66;22,74;14,78;20,94;19,54
157;44,66;22,74;17,06;16,81;16,11
157;44,66;22,74;19,33;10,63;10,23
157;44,66;22,74;21,6;2,9;2,7
158;30,02;18,92;0,02;36,67;30,27
158;30,02;18,92;0,19;33,28;27,28
158;30,02;18,92;0,38;31,89;26,29
158;30,02;18,92;0,57;30,61;25,31
158;30,02;18,92;0,76;30,38;25,08
158;30,02;18,92;0,95;29,97;24,67
158;30,02;18,92;1,89;29,92;26,32
158;30,02;18,92;2,84;27,22;24,02
158;30,02;18,92;4,73;25,37;22,77
158;30,02;18,92;6,62;23,46;21,36
158;30,02;18,92;8,51;22;20,2
158;30,02;18,92;10,41;20,02;18,52
158;30,02;18,92;12,3;17,63;16,43
158;30,02;18,92;14,1;14,01;12,81
158;30,02;18,92;16,16;7,1;6,6
158;30,02;18,92;17,97;4,01;3,61
162;49,02;27,22;0,05;59,29;50,29
162;49,02;27,22;0,27;54,97;46,47
162;49,02;27,22;0,54;52,76;44,56
162;49,02;27,22;0,81;51,58;43,58
162;49,02;27,22;1,08;50,43;43,23
162;49,02;27,22;1,36;48,38;41,98
162;49,02;27,22;2,72;45,52;40,02
162;49,02;27,22;4,08;44,5;40,3
162;49,02;27,22;6,8;41,7;38,8
162;49,02;27,22;9,52;38,83;36,43
162;49,02;27,22;12,24;32,56;30,36
162;49,02;27,22;14,97;27,85;25,85
162;49,02;27,22;17,69;24,61;23,21
162;49,02;27,22;20,41;16,23;15,63
162;49,02;27,22;23,13;9,87;9,47
162;49,02;27,22;25,85;4,46;4,26
164;37,43;20,56;0,03;44,02;38,52
164;37,43;20,56;0,2;40,75;35,75
164;37,43;20,56;0,41;40,17;35,17
164;37,43;20,56;0,61;37,79;32,79
164;37,43;20,56;0,82;37,3;32,4
164;37,43;20,56;1,02;36,48;32,18
164;37,43;20,56;2,05;36,13;32,63
164;37,43;20,56;3,08;35,01;31,51
164;37,43;20,56;5,14;32,56;29,06
164;37,43;20,56;7,19;30,18;26,68
164;37,43;20,56;9,25;27,15;24,05
164;37,43;20,56;11,3;23,62;21,32
164;37,43;20,56;13,36;20,09;18,49
164;37,43;20,56;15,42;14,96;13,86
164;37,43;20,56;17,47;8,66;7,96
164;37,43;20,56;19,53;2,36;2,06
167;29,79;18,45;0,05;35,18;30,08
167;29,79;18,45;0,18;33,69;29,09
167;29,79;18,45;0,36;32,03;27,53
167;29,79;18,45;0,55;30,7;26,2
167;29,79;18,45;0,73;29,66;25,46
167;29,79;18,45;0,92;29,18;25,18
167;29,79;18,45;1,84;28,74;25,74
167;29,79;18,45;2,76;28,33;25,33
167;29,79;18,45;4,61;26,55;24,05
167;29,79;18,45;6,5;23,17;21,07
167;29,79;18,45;8,4;21,17;19,77
167;29,79;18,45;10,14;19;17,7
167;29,79;18,45;11,99;17,76;16,86
167;29,79;18,45;13,83;12,92;12,32
167;29,79;18,45;15,68;7,96;7,56
167;29,79;18,45;17,52;2,29;2,09
168;40,62;20,45;0,03;54,55;47,75
168;40,62;20,45;0,2;48,27;42,27
168;40,62;20,45;0,4;45,13;39,63
168;40,62;20,45;0,61;42,51;38,01
168;40,62;20,45;0,81;41,74;37,24
168;40,62;20,45;1,02;41,42;36,92
168;40,62;20,45;2,04;40,49;36,99
168;40,62;20,45;3,06;37,56;34,56
168;40,62;20,45;5,11;35,01;32,01
168;40,62;20,45;7,15;32,85;31,05
168;40,62;20,45;9,2;30,33;28,53
168;40,62;20,45;11,24;27,72;26,72
168;40,62;20,45;13,29;24,64;23,74
168;40,62;20,45;15,33;18,14;17,44
168;40,62;20,45;17,38;9,55;9,15
168;40,62;20,45;19,42;2,52;2,32
169;19,89;13,55;0,05;25,26;22,76
169;19,89;13,55;0,13;24,94;22,44
169;19,89;13,55;0,27;23,19;20,69
169;19,89;13,55;0,4;21,88;19,58
169;19,89;13,55;0,54;19,81;17,51
169;19,89;13,55;0,67;18,87;16,87
169;19,89;13,55;1,35;18,56;17,56
169;19,89;13,55;2,03;16,9;15,9
169;19,89;13,55;3,38;15,6;14,6
169;19,89;13,55;4,74;14,64;13,64
169;19,89;13,55;6,09;14,58;13,58
169;19,89;13,55;7,45;14,42;13,52
169;19,89;13,55;8,77;11,71;10,81
169;19,89;13,55;10,1;8,66;8,06
169;19,89;13,55;11,51;4,17;3,97
169;19,89;13,55;12,87;1,59;1,59
172;33,3;20,2;0,04;37,81;31,61
172;33,3;20,2;0,2;35,62;30,02
172;33,3;20,2;0,4;34,78;29,28
172;33,3;20,2;0,6;34,47;28,97
172;33,3;20,2;0,8;33,33;28,33
172;33,3;20,2;1,01;32,25;27,95
172;33,3;20,2;2,02;32,15;28,45
172;33,3;20,2;3,03;31,83;28,33
172;33,3;20,2;5,05;28,71;25,41
172;33,3;20,2;7,07;27,15;24,05
172;33,3;20,2;9,09;23,55;22,35
172;33,3;20,2;11,11;21,9;21
172;33,3;20,2;13,13;17,51;16,91
172;33,3;20,2;15,15;13,69;13,09
172;33,3;20,2;17,17;7,8;7,4
172;33,3;20,2;19,19;2,93;2,73
173;50,29;20,42;0,09;57,07;51,57
173;50,29;20,42;0,2;53,15;47,65
173;50,29;20,42;0,4;51,15;46,15
173;50,29;20,42;0,61;49,79;44,79
173;50,29;20,42;0,81;48,77;43,77
173;50,29;20,42;1,02;47,61;42,91
173;50,29;20,42;2,04;46,15;42,05
173;50,29;20,42;3,06;44,28;40,68
173;50,29;20,42;5,1;40,74;37,24
173;50,29;20,42;7,14;37,62;34,52
173;50,29;20,42;9,18;35,65;32,75
173;50,29;20,42;11,23;31,26;28,96
173;50,29;20,42;13,2;25,18;23,38
173;50,29;20,42;15,37;18,53;17,43
173;50,29;20,42;17,4;10,63;10,03
173;50,29;20,42;19,39;3,5;3,3
174;39,79;21,25;0,07;53,43;47,43
174;39,79;21,25;0,21;48,47;43,67
174;39,79;21,25;0,42;45,88;41,38
174;39,79;21,25;0,63;42,95;39,15
174;39,79;21,25;0,85;39,72;36,92
174;39,79;21,25;1,06;38,63;36,13
174;39,79;21,25;2,12;38,58;36,98
174;39,79;21,25;3,18;36,61;35,01
174;39,79;21,25;5,31;34,79;33,39
174;39,79;21,25;7,5;30,59;29,59
174;39,79;21,25;9,56;27,37;26,57
174;39,79;21,25;11,68;23,05;22,45
174;39,79;21,25;13,81;19,67;19,07
174;39,79;21,25;15,93;13,15;12,75
174;39,79;21,25;18,06;6,37;6,17
174;39,79;21,25;20,18;2,39;2,39
175;29,6;21;0,05;31,62;26,32
175;29,6;21;0,21;30,92;25,62
175;29,6;21;0,42;29,35;24,35
175;29,6;21;0,63;28,71;23,71
175;29,6;21;0,84;28,33;23,33
175;29,6;21;1,05;28,17;23,27
175;29,6;21;2,1;28,04;24,14
175;29,6;21;3,15;26,42;22,72
175;29,6;21;5,25;22,76;20,06
175;29,6;21;7,35;21,33;19,63
175;29,6;21;9,45;19,42;17,92
175;29,6;21;11,55;17,44;16,24
175;29,6;21;13,65;14,45;13,55
175;29,6;21;15,7;13,11;12,51
175;29,6;21;17,85;7,32;6,92
175;29,6;21;19,95;2,04;2,04
178;24,57;17;0,01;27,16;22,66
178;24,57;17;0,17;26,15;21,65
178;24,57;17;0,34;25,35;20,85
178;24,57;17;0,51;24,68;20,18
178;24,57;17;0,68;24,49;19,99
178;24,57;17;0,85;24,24;19,74
178;24,57;17;1,7;23,87;19,87
178;24,57;17;2,5;23,3;19,3
178;24,57;17;4,25;20,44;16,74
178;24,57;17;5,95;18,78;15,08
178;24,57;17;7,65;16,77;14,77
178;24,57;17;9,35;15,37;13,37
178;24,57;17;11,05;12,76;11,26
178;24,57;17;12,75;9,01;8,21
178;24,57;17;14,45;5,79;5,39
178;24,57;17;16,15;2,32;2,32
179;51,57;19,35;0,05;67,98;56,98
179;51,57;19,35;0,19;57,27;49,97
179;51,57;19,35;0,38;53,49;46,89
179;51,57;19,35;0,58;52,65;46,15
179;51,57;19,35;0,77;52,65;46,15
179;51,57;19,35;0,96;51,38;44,88
179;51,57;19,35;1,93;50,29;44,29
179;51,57;19,35;2,9;50,29;44,89
179;51,57;19,35;4,83;48,7;43,7
179;51,57;19,35;6,77;43,93;39,93
179;51,57;19,35;8,7;39,79;36,49
179;51,57;19,35;10,64;35,01;32,31
179;51,57;19,35;12,57;28,97;27,17
179;51,57;19,35;14,51;21,65;20,15
179;51,57;19,35;16,44;15,72;15,22
179;51,57;19,35;18,38;9,23;9,23
181;38,2;24,87;0,04;46,81;41,41
181;38,2;24,87;0,24;43,28;37,88
181;38,2;24,87;0,49;41,05;35,65
181;38,2;24,87;0,74;39,37;34,47
181;38,2;24,87;0,99;38,67;33,77
181;38,2;24,87;1,24;37,94;35,44
181;38,2;24,87;2,48;36,22;33,72
181;38,2;24,87;3,73;34,7;32,2
181;38,2;24,87;6,21;32,47;29,97
181;38,2;24,87;8,7;29,92;27,42
181;38,2;24,87;11,19;27,47;25,67
181;38,2;24,87;13,67;25,46;24,36
181;38,2;24,87;16,16;23,24;22,14
181;38,2;24,87;18,5;18,78;17,68
181;38,2;24,87;21,13;11,2;10,6
181;38,2;24,87;23,62;2,55;2,35
184;21,74;20,72;0,12;31,19;22,99
184;21,74;20,72;0,21;27,69;21,69
184;21,74;20,72;0,41;26,29;21,59
184;21,74;20,72;0,62;24,92;20,92
184;21,74;20,72;0,83;24,67;20,87
184;21,74;20,72;1,04;22,57;20,57
184;21,74;20,72;2,07;19,89;18,09
184;21,74;20,72;3,11;18,78;17,48
184;21,74;20,72;5,18;17,41;16,41
184;21,74;20,72;7,25;15,76;15,06
184;21,74;20,72;9,32;14,58;13,78
184;21,74;20,72;11,4;13,4;13,1
184;21,74;20,72;13,47;10,6;10,4
184;21,74;20,72;15,54;8,69;8,49
184;21,74;20,72;17,61;7,32;7,12
184;21,74;20,72;19,68;3,18;2,98
185;25,91;24,57;0,12;37,24;27,24
185;25,91;24,57;0,25;34,06;25,36
185;25,91;24,57;0,49;29,6;23
185;25,91;24,57;0,74;29,13;24,43
185;25,91;24,57;0,98;27,18;22,98
185;25,91;24,57;1,23;26,96;23,16
185;25,91;24,57;2,46;23,52;22,12
185;25,91;24,57;3,69;23,14;19,54
185;25,91;24,57;6,14;20,88;17,58
185;25,91;24,57;8,6;18,49;16,19
185;25,91;24,57;11,06;16,87;15,27
185;25,91;24,57;13,51;15,57;13,97
185;25,91;24,57;15,97;13,31;12,31
185;25,91;24,57;18,43;11,05;10,85
185;25,91;24,57;20,88;7,77;7,57
185;25,91;24,57;23,29;3,5;3,3
186;31,39;22,17;0,08;40,81;34,11
186;31,39;22,17;0,22;37,08;32,48
186;31,39;22,17;0,44;34,76;29,56
186;31,39;22,17;0,67;33,74;29,44
186;31,39;22,17;0,89;32,34;28,04
186;31,39;22,17;1,11;31,8;27,3
186;31,39;22,17;2,22;29,28;26,18
186;31,39;22,17;3,33;27,85;25,75
186;31,39;22,17;5,54;26,23;24,83
186;31,39;22,17;7,76;25,43;24,63
186;31,39;22,17;9,98;21,8;21
186;31,39;22,17;12,19;20,69;19,89
186;31,39;22,17;14,41;19,13;18,53
186;31,39;22,17;16,63;15,92;15,52
186;31,39;22,17;18,84;10,92;10,52
186;31,39;22,17;21,06;3,63;3,43
187;36,92;23,65;0,1;47,75;36,15
187;36,92;23,65;0,24;43;35,4
187;36,92;23,65;0,47;40,62;34,42
187;36,92;23,65;0,71;38,67;32,87
187;36,92;23,65;0,95;37,82;33,82
187;36,92;23,65;1,18;37,4;33,4
187;36,92;23,65;2,37;33,58;31,78
187;36,92;23,65;3,55;32,88;31,38
187;36,92;23,65;5,91;31,35;30,45
187;36,92;23,65;8,28;29,63;29,03
187;36,92;23,65;10,64;27,12;26,52
187;36,92;23,65;13,01;25,02;24,62
187;36,92;23,65;15,37;22,22;21,92
187;36,92;23,65;17,74;18,14;17,94
187;36,92;23,65;20,1;8,59;8,39
187;36,92;23,65;22,47;2,87;2,67
188;41,83;22,92;0,05;52,68;45,98
188;41,83;22,92;0,23;48,7;42
188;41,83;22,92;0,46;46,15;42,35
188;41,83;22,92;0,69;45,26;37,86
188;41,83;22,92;0,92;43,26;37,16
188;41,83;22,92;1,15;42,97;36,07
188;41,83;22,92;2,29;39,09;36,79
188;41,83;22,92;3,44;36,06;34,26
188;41,83;22,92;5,73;33,55;31,85
188;41,83;22,92;8,02;32,5;31,2
188;41,83;22,92;10,31;28,14;27,34
188;41,83;22,92;12,61;27,76;27,06
188;41,83;22,92;14,9;21,58;20,98
188;41,83;22,92;17,19;17,22;17,02
188;41,83;22,92;19,48;7,64;7,44
188;41,83;22,92;21,77;3,76;3,56
194;28,65;17,87;0,07;37,5;25,7
194;28,65;17,87;0,18;35,01;26,11
194;28,65;17,87;0,36;33,04;26,04
194;28,65;17,87;0,54;30,4;24,4
194;28,65;17,87;0,71;29,92;25,12
194;28,65;17,87;0,89;28,81;24,81
194;28,65;17,87;1,79;26,99;23,39
194;28,65;17,87;2,68;25,53;23,43
194;28,65;17,87;4,47;24,35;23,25
194;28,65;17,87;6,25;21,55;20,65
194;28,65;17,87;8,04;19,48;18,88
194;28,65;17,87;9,83;17,51;17,11
194;28,65;17,87;11,62;14,26;13,96
194;28,65;17,87;13,3;11,3;11,1
194;28,65;17,87;15,19;6,37;6,17
194;28,65;17,87;16,98;2,45;2,25
195;30,27;22,62;0,09;42,88;29,38
195;30,27;22,62;0,23;36,7;28,7
195;30,27;22,62;0,45;33,39;26,39
195;30,27;22,62;0,68;32,21;27,71
195;30,27;22,62;0,9;31,58;27,28
195;30,27;22,62;1,13;30,37;26,37
195;30,27;22,62;2,26;27,95;26,25
195;30,27;22,62;3,39;26,64;25,24
195;30,27;22,62;5,66;24,64;23,74
195;30,27;22,62;7,92;22,38;21,58
195;30,27;22,62;10,18;20,85;20,35
195;30,27;22,62;12,44;19,32;18,92
195;30,27;22,62;14,7;15,88;15,58
195;30,27;22,62;16,97;12,16;11,96
195;30,27;22,62;19,23;8,47;8,27
195;30,27;22,62;21,39;3,31;3,11
196;38,04;23,6;0,15;49,02;38,72
196;38,04;23,6;0,24;45,52;37,52
196;38,04;23,6;0,47;42,65;36,65
196;38,04;23,6;0,71;40,9;36,1
196;38,04;23,6;0,94;39,69;35,59
196;38,04;23,6;1,18;39,15;35,25
196;38,04;23,6;2,36;36,76;33,66
196;38,04;23,6;3,54;34,76;32,36
196;38,04;23,6;5,9;32,56;30,66
196;38,04;23,6;8,26;30,4;29
196;38,04;23,6;10,62;26,93;25,83
196;38,04;23,6;12,98;22,98;22,08
196;38,04;23,6;15,34;19,67;19,07
196;38,04;23,6;16,6;14,77;14,27
196;38,04;23,6;20,06;9,04;8,74
196;38,04;23,6;22,42;4,04;3,84
199;50,61;23,88;0,12;65,22;51,22
199;50,61;23,88;0,24;55,7;48,2
199;50,61;23,88;0,48;54,11;48,11
199;50,61;23,88;0,72;52,36;46,36
199;50,61;23,88;0,96;51,57;45,77
199;50,61;23,88;1,19;50,77;45,17
199;50,61;23,88;2,39;43,89;40,79
199;50,61;23,88;3,58;40,68;39,68
199;50,61;23,88;5,97;36,54;35,84
199;50,61;23,88;8,36;35,08;34,48
199;50,61;23,88;10,75;31,64;31,24
199;50,61;23,88;13,13;26,42;26,22
199;50,61;23,88;15,52;22,35;22,15
199;50,61;23,88;17,91;18,14;17,94
199;50,61;23,88;20,3;6,53;6,33
199;50,61;23,88;22,69;2,23;2,03
200;10,12;10,42;0,06;13,59;9,39
200;10,12;10,42;0,1;11,75;8,25
200;10,12;10,42;0,21;11,62;8,52
200;10,12;10,42;0,31;11,14;8,64
200;10,12;10,42;0,42;10,66;8,46
200;10,12;10,42;0,52;10,54;8,64
200;10,12;10,42;1,04;10,12;8,52
200;10,12;10,42;1,56;9,3;8,3
200;10,12;10,42;2,61;8,44;7,84
200;10,12;10,42;3,65;7,61;7,01
200;10,12;10,42;4,69;7;6,5
200;10,12;10,42;5,73;6,33;5,93
200;10,12;10,42;6,77;5,19;4,99
200;10,12;10,42;7,82;3,98;3,78
200;10,12;10,42;8,86;2,52;2,32
200;10,12;10,42;9,9;1,37;1,17
201;17,03;18,4;0,11;23,01;14,01
201;17,03;18,4;0,18;20,72;15,72
201;17,03;18,4;0,37;20,15;15,55
201;17,03;18,4;0,55;19,77;15,17
201;17,03;18,4;0,74;18,37;15,17
201;17,03;18,4;0,92;17,76;15,96
201;17,03;18,4;1,84;16,42;15,02
201;17,03;18,4;2,76;15,53;14,53
201;17,03;18,4;4,6;14,01;13,41
201;17,03;18,4;6,44;12,67;12,07
201;17,03;18,4;8,28;11,08;10,68
201;17,03;18,4;10,12;9,71;9,51
201;17,03;18,4;11,96;8,31;8,11
201;17,03;18,4;13,8;6,91;6,71
201;17,03;18,4;15,64;3,92;3,72
201;17,03;18,4;17,48;1,59;1,39
207;45,65;26,91;0,06;54,4;38
207;45,65;26,91;0,27;49,66;36,66
207;45,65;26,91;0,54;49,34;37,34
207;45,65;26,91;0,81;46,7;34,7
207;45,65;26,91;1,08;45,8;35,8
207;45,65;26,91;1,35;44,82;34,82
207;45,65;26,91;2,69;38,83;32,13
207;45,65;26,91;4,04;37,43;33,43
207;45,65;26,91;6,73;34,66;31,56
207;45,65;26,91;9,42;32,44;30,44
207;45,65;26,91;12,11;29,73;28,53
207;45,65;26,91;14,8;26,9;25,9
207;45,65;26,91;17,49;23,55;22,55
207;45,65;26,91;20,18;18,49;17,89
207;45,65;26,91;22,87;11,14;10,94
207;45,65;26,91;25,56;3,5;3,3
208;52,9;26,45;0,15;65,83;54,23
208;52,9;26,45;0,26;60,16;52,16
208;52,9;26,45;0,53;56,66;49,36
208;52,9;26,45;0,79;56,02;49,92
208;52,9;26,45;1,06;53,79;48,19
208;52,9;26,45;1,3;52,9;48,2
208;52,9;26,45;2,64;49,82;45,12
208;52,9;26,45;3,97;47,01;42,91
208;52,9;26,45;6,61;43,8;40,2
208;52,9;26,45;9,26;40,84;38,04
208;52,9;26,45;11,9;38,55;36,35
208;52,9;26,45;14,55;35,05;33,05
208;52,9;26,45;17,19;34,54;32,84
208;52,9;26,45;19,84;23,27;21,77
208;52,9;26,45;22,48;12,61;11,91
208;52,9;26,45;25,13;3,02;2,82
212;47,46;23,63;0,06;59,46;46,46
212;47,46;23,63;0,24;53,79;42,79
212;47,46;23,63;0,47;51,57;41,57
212;47,46;23,63;0,71;49,18;39,18
212;47,46;23,63;0,95;48,45;40,45
212;47,46;23,63;1,18;47,78;40,78
212;47,46;23,63;2,36;43,29;39,29
212;47,46;23,63;3,54;41,79;38,19
212;47,46;23,63;5,91;38,87;35,87
212;47,46;23,63;8,27;34,7;32,3
212;47,46;23,63;10,7;32,79;30,69
212;47,46;23,63;13;29,6;27,8
212;47,46;23,63;15,36;23,78;22,58
212;47,46;23,63;17,72;19,58;18,58
212;47,46;23,63;20,09;11,27;10,87
212;47,46;23,63;22,45;2,83;2,63
215;24,83;19;0,08;35,87;24,27
215;24,83;19;0,19;31,51;20,11
215;24,83;19;0,38;28,87;20,87
215;24,83;19;0,57;26,8;19
215;24,83;19;0,76;26,07;20,07
215;24,83;19;0,95;25,31;19,81
215;24,83;19;1,9;22,92;17,82
215;24,83;19;2,85;21,68;17,58
215;24,83;19;4,75;19,93;17,23
215;24,83;19;6,65;18,49;16,59
215;24,83;19;8,55;17,22;16,52
215;24,83;19;10,45;15,72;15,32
215;24,83;19;12,35;14,23;13,93
215;24,83;19;14,25;11,2;11
215;24,83;19;16,15;5,89;5,69
215;24,83;19;18,05;2,39;2,19
216;30,65;23,9;0,09;43,8;30,8
216;30,65;23,9;0,24;37,56;27,56
216;30,65;23,9;0,48;35,21;27,21
216;30,65;23,9;0,72;32,53;26,53
216;30,65;23,9;0,96;31,83;28,83
216;30,65;23,9;1,2;30,78;27,78
216;30,65;23,9;2,39;28,2;25,2
216;30,65;23,9;3,59;26,23;24,23
216;30,65;23,9;5,97;24,73;23,13
216;30,65;23,9;8,36;21,65;20,65
216;30,65;23,9;10,76;19,99;19,39
216;30,65;23,9;13,15;18,46;18,06
216;30,65;23,9;15,53;17,16;16,76
216;30,65;23,9;17,92;13,05;12,85
216;30,65;23,9;20,32;8,44;8,24
216;30,65;23,9;22,7;2,74;2,54
217;21,45;20,06;0,07;28,01;20,01
217;21,45;20,06;0,2;25,24;19,24
217;21,45;20,06;0,4;24,03;18,13
217;21,45;20,06;0,6;23,75;18,75
217;21,45;20,06;0,8;22,7;18,7
217;21,45;20,06;1;22,6;19
217;21,45;20,06;2,01;19,26;16,76
217;21,45;20,06;3,01;18,4;16,4
217;21,45;20,06;5,03;17,03;15,43
217;21,45;20,06;7,02;16,01;15,01
217;21,45;20,06;9,03;14,42;13,92
217;21,45;20,06;11,03;13,27;12,87
217;21,45;20,06;13,04;11,78;11,48
217;21,45;20,06;15,02;10,15;9,95
217;21,45;20,06;17,05;7,8;7,6
217;21,45;20,06;19,06;3,18;2,98
218;51,88;24,73;0;72,83;58,83
218;51,88;24,73;0,25;63,09;52,59
218;51,88;24,73;0,49;60,86;52,16
218;51,88;24,73;0,74;58,95;50,95
218;51,88;24,73;0,99;53,92;47,92
218;51,88;24,73;1,24;52,14;46,14
218;51,88;24,73;2,47;47,17;42,17
218;51,88;24,73;3,71;47,17;44,77
218;51,88;24,73;6,18;40,04;37,74
218;51,88;24,73;8,66;39,15;37,55
218;51,88;24,73;11,2;35,97;35,37
218;51,88;24,73;13,5;34,63;34,03
218;51,88;24,73;16,07;27,22;26,82
218;51,88;24,73;18,65;23,08;22,88
218;51,88;24,73;21,02;10,82;10,62
218;51,88;24,73;23,49;3,31;3,11
219;13,85;13,4;0,06;21,65;14,95
219;13,85;13,4;0,13;18,18;13,38
219;13,85;13,4;0,27;17,83;13,13
219;13,85;13,4;0,4;17,54;13,74
219;13,85;13,4;0,54;16,42;13,02
219;13,85;13,4;0,67;16,01;13,21
219;13,85;13,4;1,34;13,69;11,19
219;13,85;13,4;2,01;12,8;10,7
219;13,85;13,4;3,35;11,14;10,14
219;13,85;13,4;4,69;10,5;9,7
219;13,85;13,4;6,03;9,71;9,11
219;13,85;13,4;7,37;8,98;8,58
219;13,85;13,4;8,71;7,61;7,41
219;13,85;13,4;10,05;6,94;6,74
219;13,85;13,4;11,39;3,47;3,27
219;13,85;13,4;12,73;1,66;1,46
220;15,85;16,35;0,08;22,38;12,88
220;15,85;16,35;0,16;19,74;12,14
220;15,85;16,35;0,33;19,64;13,44
220;15,85;16,35;0,49;18,3;13,1
220;15,85;16,35;0,65;17,67;13,37
220;15,85;16,35;0,82;17,19;13,29
220;15,85;16,35;1,63;15,22;12,02
220;15,85;16,35;2,45;14,16;11,46
220;15,85;16,35;4,09;12,86;10,96
220;15,85;16,35;5,72;11,59;10,49
220;15,85;16,35;7,36;10,41;9,61
220;15,85;16,35;8,99;9,74;9,14
220;15,85;16,35;10,63;8,88;8,38
220;15,85;16,35;12,24;7,07;6,67
220;15,85;16,35;13,9;5,44;5,24
220;15,85;16,35;15,53;2,23;2,03
221;23,14;16,28;0,07;30,14;22,14
221;23,14;16,28;0,16;27,41;19,41
221;23,14;16,28;0,33;25,5;19,5
221;23,14;16,28;0,49;25,37;19,37
221;23,14;16,28;0,65;24,83;18,83
221;23,14;16,28;0,81;24,29;18,29
221;23,14;16,28;1,63;21,1;17,1
221;23,14;16,28;2,44;20,5;16,7
221;23,14;16,28;4,07;17,16;15,46
221;23,14;16,28;5,7;16,81;16,01
221;23,14;16,28;7,33;15,72;15,12
221;23,14;16,28;8,95;12,86;12,46
221;23,14;16,28;10,58;12,1;11,9
221;23,14;16,28;12,21;8,59;8,39
221;23,14;16,28;13,84;5,54;5,34
221;23,14;16,28;15,47;1,81;1,61
222;25,21;16,28;0,06;34,7;26,4
222;25,21;16,28;0,16;31,35;24,75
222;25,21;16,28;0,33;29,54;24,14
222;25,21;16,28;0,49;28,65;23,85
222;25,21;16,28;0,65;28,14;23,94
222;25,21;16,28;0,81;27,6;23,8
222;25,21;16,28;1,63;24,67;21,27
222;25,21;16,28;2,44;23,36;20,56
222;25,21;16,28;4,07;21,1;19
222;25,21;16,28;5,7;20,05;18,65
222;25,21;16,28;7,33;18,18;16,98
222;25,21;16,28;8,95;16,84;16,14
222;25,21;16,28;10,58;14,2;13,6
222;25,21;16,28;12,21;11,08;10,68
222;25,21;16,28;13,84;6,94;6,74
222;25,21;16,28;15,47;2,71;2,51
223;35,17;18,31;0,12;42,49;32,49
223;35,17;18,31;0,18;38,61;28,61
223;35,17;18,31;0,37;38,2;28,6
223;35,17;18,31;0,55;37,56;28,56
223;35,17;18,31;0,73;36,64;27,64
223;35,17;18,31;0,92;36,54;28,04
223;35,17;18,31;1,83;31,7;25,7
223;35,17;18,31;2,75;30,43;26,43
223;35,17;18,31;4,58;26,64;24,64
223;35,17;18,31;6,41;24,99;23,99
223;35,17;18,31;8,24;22,92;22,12
223;35,17;18,31;10,07;21,26;20,66
223;35,17;18,31;11,95;18,88;18,28
223;35,17;18,31;13,73;15,28;14,88
223;35,17;18,31;15,56;9,61;9,41
223;35,17;18,31;17,39;3,34;3,14
225;38,36;17,27;0,07;46,79;34,79
225;38,36;17,27;0,17;42,69;33,99
225;38,36;17,27;0,35;41,44;32,84
225;38,36;17,27;0,52;40,01;32,51
225;38,36;17,27;0,69;39,53;33,73
225;38,36;17,27;0,86;38,87;33,27
225;38,36;17,27;1,73;37,66;32,46
225;38,36;17,27;2,59;36,13;31,53
225;38,36;17,27;4,32;33,2;28,7
225;38,36;17,27;6,04;31,54;28,54
225;38,36;17,27;7,88;30,3;28
225;38,36;17,27;9,5;26,13;23,83
225;38,36;17,27;11,28;23,62;21,82
225;38,36;17,27;13;17,28;16,28
225;38,36;17,27;14,68;10,09;9,69
225;38,36;17,27;16,41;3,34;3,14
226;28,01;15,8;0,02;36,32;25,22
226;28,01;15,8;0,16;34;24
226;28,01;15,8;0,32;32,88;22,88
226;28,01;15,8;0,47;31,58;21,58
226;28,01;15,8;0,63;30,88;21,78
226;28,01;15,8;0,79;29,73;20,83
226;28,01;15,8;1,58;27,44;20,34
226;28,01;15,8;2,37;24,83;20,23
226;28,01;15,8;3,95;23,3;19,5
226;28,01;15,8;5,53;21,77;19,47
226;28,01;15,8;7,15;20,5;18,7
226;28,01;15,8;8,69;18,94;17,64
226;28,01;15,8;10,27;17,06;15,86
226;28,01;15,8;11,81;13,31;12,61
226;28,01;15,8;13,43;8,75;8,25
226;28,01;15,8;14,49;4,46;4,26
227;21,55;13,06;0,04;29,92;22,72
227;21,55;13,06;0,13;26,67;22,27
227;21,55;13,06;0,26;25,31;21,41
227;21,55;13,06;0,39;24,57;20,97
227;21,55;13,06;0,52;24,51;21,11
227;21,55;13,06;0,65;23,3;19,9
227;21,55;13,06;1,31;21,42;19,22
227;21,55;13,06;1,96;19,74;17,94
227;21,55;13,06;3,27;18,59;17,09
227;21,55;13,06;4,57;17,25;16,15
227;21,55;13,06;5,88;15,82;14,72
227;21,55;13,06;7,18;15,02;14,32
227;21,55;13,06;8,49;12,67;12,17
227;21,55;13,06;9,78;9,58;9,38
227;21,55;13,06;11,1;5,76;5,56
227;21,55;13,06;12,41;1,56;1,56
230;11,36;7,38;0,05;16,07;12,17
230;11,36;7,38;0,07;15,31;11,61
230;11,36;7,38;0,15;14,8;11,2
230;11,36;7,38;0,22;14,61;11,01
230;11,36;7,38;0,3;14,1;10,9
230;11,36;7,38;0,37;13,53;10,63
230;11,36;7,38;0,74;12,73;10,03
230;11,36;7,38;1,11;11,84;9,44
230;11,36;7,38;1,85;10,85;9,35
230;11,36;7,38;2,58;9,17;8,37
230;11,36;7,38;3,35;8,02;7,62
230;11,36;7,38;4,06;6,56;6,36
230;11,36;7,38;4,8;5,22;5,02
230;11,36;7,38;5,53;4,11;4,11
230;11,36;7,38;6,27;2,61;2,61
230;11,36;7,38;7,01;1,24;1,24
233;21,84;14,64;0,1;30,88;16,38
233;21,84;14,64;0,15;28,71;16,71
233;21,84;14,64;0,29;28,33;18,33
233;21,84;14,64;0,44;26,83;19,83
233;21,84;14,64;0,59;25,53;19,13
233;21,84;14,64;0,73;23,71;18,71
233;21,84;14,64;1,46;19,39;17,39
233;21,84;14,64;2,2;18,46;16,46
233;21,84;14,64;3,66;16,27;14,27
233;21,84;14,64;5,15;15,28;14,28
233;21,84;14,64;6,59;12,92;12,32
233;21,84;14,64;8,1;11,33;10,93
233;21,84;14,64;9,52;10,28;10,08
233;21,84;14,64;10,98;8,12;7,92
233;21,84;14,64;12,44;4,65;4,45
233;21,84;14,64;13,91;2,07;1,87
236;36,73;20,31;0,13;49,75;40,85
236;36,73;20,31;0,2;41;33,3
236;36,73;20,31;0,41;39,92;33,22
236;36,73;20,31;0,61;38,01;32,61
236;36,73;20,31;0,81;37,37;31,77
236;36,73;20,31;1,02;37,24;32,94
236;36,73;20,31;2,03;35,81;32,01
236;36,73;20,31;3,05;33,74;30,24
236;36,73;20,31;5,08;32,02;29,82
236;36,73;20,31;7,11;30,37;28,37
236;36,73;20,31;9,14;29,22;27,92
236;36,73;20,31;11,27;24,29;23,39
236;36,73;20,31;13,2;17,19;16,49
236;36,73;20,31;15,23;12,35;11,95
236;36,73;20,31;17,3;7,48;7,28
236;36,73;20,31;19,29;2,52;2,32
237;41,06;15,95;0,06;50,29;37,29
237;41,06;15,95;0,16;45,96;36,96
237;41,06;15,95;0,32;45,07;38,07
237;41,06;15,95;0,48;43,99;37,99
237;41,06;15,95;0,64;42,81;36,81
237;41,06;15,95;0,8;42,21;36,21
237;41,06;15,95;1,6;39,79;34,29
237;41,06;15,95;2,39;37,24;33,64
237;41,06;15,95;3,99;35,4;32,6
237;41,06;15,95;5,58;34,06;33,06
237;41,06;15,95;7,18;31,83;31,03
237;41,06;15,95;8,77;25,88;25,48
237;41,06;15,95;10,37;24,92;24,52
237;41,06;15,95;11,96;16,3;16,1
237;41,06;15,95;13,56;10,06;9,86
237;41,06;15,95;15,15;3,5;3,3
238;12,76;11,51;0,05;20,94;12,94
238;12,76;11,51;0,12;19,48;12,48
238;12,76;11,51;0,23;19,32;13,92
238;12,76;11,51;0,35;16,87;12,87
238;12,76;11,51;0,46;15,47;12,37
238;12,76;11,51;0,58;14,87;12,57
238;12,76;11,51;1,15;13,05;11,05
238;12,76;11,51;1,73;12,06;10,96
238;12,76;11,51;2,88;10,82;9,92
238;12,76;11,51;4,03;10,25;9,85
238;12,76;11,51;5,18;9,68;9,28
238;12,76;11,51;6,33;8,59;8,39
238;12,76;11,51;7,48;7,96;7,76
238;12,76;11,51;8,63;6,18;5,98
238;12,76;11,51;9,78;3,44;3,24
238;12,76;11,51;10,93;1,43;1,23
242;44,09;17,38;0,09;59,52;46,02
242;44,09;17,38;0,17;51,98;39,58
242;44,09;17,38;0,35;51,88;40,68
242;44,09;17,38;0,52;49,66;39,56
242;44,09;17,38;0,7;47,11;38,21
242;44,09;17,38;0,87;46,06;37,66
242;44,09;17,38;1,74;42,88;35,08
242;44,09;17,38;2,61;40,9;35,7
242;44,09;17,38;4,34;35,05;30,95
242;44,09;17,38;6,08;33,14;30,74
242;44,09;17,38;7,82;32,85;30,85
242;44,09;17,38;9,5;29,32;27,82
242;44,09;17,38;11,3;24,99;24,29
242;44,09;17,38;13,03;14,1;13,7
242;44,09;17,38;14,8;7,48;7,08
242;44,09;17,38;16,51;2,42;2,22
