idamostra;idade1;hdom1;licl4;lscl4;lscl3;lscl2;lscl1;is;nmudou;nis;s
1;24,01;11,54063777;5,194176883;7,65065958;10,88192072;15,03315645;20,26138834;2;1;2;28
1;37,65;16,97269658;10,42825961;13,37780929;16,78021231;20,65693036;25,02854003;2;1;2;28
1;47,6;20,61396677;14,24586881;17,1792388;20,36956028;23,81427518;27,51106007;2;1;2;28
1;61,86;23,47922856;19,19849635;21,82194406;24,51886588;27,28471007;30,11555137;3;1;3;25,7
1;72,37;25,07104067;22,32197057;24,6252317;26,92650029;29,22595009;31,52372706;3;1;3;25,7
1;84,99;28,12533015;25,45977605;27,36389965;29,21965038;31,03228617;32,80612372;3;1;3;25,7
2;37,65;17,52983082;10,42825961;13,37780929;16,78021231;20,65693036;25,02854003;2;1;2;28
2;47,6;18,86297346;14,24586881;17,1792388;20,36956028;23,81427518;27,51106007;3;1;3;25,7
2;61,86;23,6085633;19,19849635;21,82194406;24,51886588;27,28471007;30,11555137;3;1;3;25,7
2;72,37;25,59832843;22,32197057;24,6252317;26,92650029;29,22595009;31,52372706;3;1;3;25,7
2;84,99;28,98092915;25,45977605;27,36389965;29,21965038;31,03228617;32,80612372;3;1;3;25,7
3;24,7;14,12733244;5,445057627;7,945538689;11,20560237;15,35998435;20,55321404;2;1;2;28
3;38,34;19,12164292;10,69810465;13,65464566;17,04872026;20,89895733;25,22313859;2;1;2;28
3;48,29;21,50936108;14,50201851;17,42645626;20,59638094;24,00856732;27,6600951;2;1;2;28
3;62,55;24,14579988;19,41792944;22,02168994;24,69263163;27,42646318;30,21949115;3;1;3;25,7
4;38,34;18,88287111;10,69810465;13,65464566;17,04872026;20,89895733;25,22313859;2;2;3;25,7
4;48,29;20,47468321;14,50201851;17,42645626;20,59638094;24,00856732;27,6600951;3;2;3;25,7
4;62,55;23,23050792;19,41792944;22,02168994;24,69263163;27,42646318;30,21949115;3;2;3;25,7
4;73,06;24,57359939;22,5105812;24,79191453;27,06765186;29,33828897;31,60424168;4;2;3;25,7
4;85,68;27,62788886;25,61288999;27,49576156;29,32872069;31,11724097;32,86581145;3;2;3;25,7
5;24,77;12,85388276;5,47065417;7,975470963;11,23830577;15,39286482;20,58245735;2;2;4;23,4
5;38,4;16,49515295;10,72155162;13,67863431;17,07192927;20,91982955;25,23988515;3;2;4;23,4
5;48,36;18,38542982;14,52792473;17,45141068;20,6192361;24,02811313;27,67506562;3;2;4;23,4
5;62,61;21,21089631;19,43691632;22,03895224;24,70763202;27,43868758;30,2284462;4;2;4;23,4
5;73,13;22,98178728;22,52960297;24,80870943;27,08186238;29,3495901;31,61233562;4;2;4;23,4
5;85,74;25,96643498;25,62611741;27,50714568;29,3381316;31,12456718;32,87095616;4;2;4;23,4
6;24,77;13,33142639;5,47065417;7,975470963;11,23830577;15,39286482;20,58245735;2;2;4;23,4
6;38,4;16,41556234;10,72155162;13,67863431;17,07192927;20,91982955;25,23988515;3;2;4;23,4
6;48,36;19,95734428;14,52792473;17,45141068;20,6192361;24,02811313;27,67506562;3;2;4;23,4
6;62,61;21,80782585;19,43691632;22,03895224;24,70763202;27,43868758;30,2284462;4;2;4;23,4
6;73,13;23,6881539;22,52960297;24,80870943;27,08186238;29,3495901;31,61233562;4;2;4;23,4
6;85,74;25,78735612;25,62611741;27,50714568;29,3381316;31,12456718;32,87095616;4;2;4;23,4
7;38,4;17,27116135;10,72155162;13,67863431;17,07192927;20,91982955;25,23988515;2;2;4;23,4
7;48,36;18,26604392;14,52792473;17,45141068;20,6192361;24,02811313;27,67506562;3;2;4;23,4
7;62,61;21,02186862;19,43691632;22,03895224;24,70763202;27,43868758;30,2284462;4;2;4;23,4
7;73,13;23,11112201;22,52960297;24,80870943;27,08186238;29,3495901;31,61233562;4;2;4;23,4
7;85,74;26,41413213;25,62611741;27,50714568;29,3381316;31,12456718;32,87095616;4;2;4;23,4
8;38,4;20,19611609;10,72155162;13,67863431;17,07192927;20,91982955;25,23988515;2;1;2;28
8;48,36;23,65830743;14,52792473;17,45141068;20,6192361;24,02811313;27,67506562;2;1;2;28
8;62,61;25,25011953;19,43691632;22,03895224;24,70763202;27,43868758;30,2284462;2;1;2;28
8;73,13;26,41413213;22,52960297;24,80870943;27,08186238;29,3495901;31,61233562;3;1;3;25,7
8;85,74;29,32913805;25,62611741;27,50714568;29,3381316;31,12456718;32,87095616;3;1;3;25,7
9;24,74;11,85900019;5,459681048;7,96264254;11,22429308;15,37877938;20,56993258;2;2;4;23,4
9;38,37;17,50993317;10,70982852;13,66664168;17,06032756;20,90939689;25,23151534;2;2;4;23,4
9;48,32;19,32061944;14,513123;17,43715385;20,60617951;24,0169478;27,66651437;3;2;4;23,4
9;62,58;21,83767233;19,42742477;22,03032322;24,70013401;27,43257741;30,22397033;4;2;4;23,4
9;73,09;22,51419247;22,51873593;24,79911493;27,07374454;29,34313445;31,60771217;4;2;4;23,4
9;85,71;26,13556502;25,61950543;27,50145525;29,33342761;31,12090529;32,86838471;4;2;4;23,4
10;25,16;15,44057743;5,613730383;8,142275686;11,42005131;15,57513302;20,74418557;2;1;2;28
10;38,8;19,79816307;10,87778137;13,83820909;17,22608572;21,05827383;25,35082279;2;1;2;28
10;48,75;23,59861447;14,6719845;17,59001725;20,7460492;24,13645954;27,75797641;2;1;2;28
10;63,01;27,58809356;19,56310911;22,15359822;24,80718871;27,51977028;30,2878099;1;1;1;30,3
10;73,52;29,24954745;22,6352021;24,90189508;27,16066948;29,41223401;31,65718261;2;1;2;28
10;86,14;30,29417414;25,71394654;27,58270595;29,40057284;31,17316061;32,90506981;2;1;2;28
11;29,47;15,42067978;7,238114412;9,982474071;13,37375481;17,48869441;22,4056631;2;2;4;23,4
11;41,56;19,55939125;11,95048477;14,92201832;18,26280265;21,98094584;26,08404019;2;2;4;23,4
11;55,81;22,00680237;17,19087647;19,97257605;22,89247611;25,94463149;29,12381583;3;2;4;23,4
11;66,33;22,64352721;20,5844018;23,07614574;25,60415897;28,16576811;30,7586955;4;2;4;23,4
11;78,94;25,28991483;24,03681447;26,13076456;28,19383325;30,22908886;32,23907583;4;2;4;23,4
12;29,47;15,87832576;7,238114412;9,982474071;13,37375481;17,48869441;22,4056631;2;1;2;28
12;41,56;20,01703723;11,95048477;14,92201832;18,26280265;21,98094584;26,08404019;2;1;2;28
12;55,81;22,06649532;17,19087647;19,97257605;22,89247611;25,94463149;29,12381583;3;1;3;25,7
12;66,33;24,99145006;20,5844018;23,07614574;25,60415897;28,16576811;30,7586955;3;1;3;25,7
12;78,94;27,61794004;24,03681447;26,13076456;28,19383325;30,22908886;32,23907583;3;1;3;25,7
13;41,56;21,90731411;11,95048477;14,92201832;18,26280265;21,98094584;26,08404019;2;1;2;28
13;55,81;26,34449035;17,19087647;19,97257605;22,89247611;25,94463149;29,12381583;1;1;1;30,3
13;66,33;28,89138972;20,5844018;23,07614574;25,60415897;28,16576811;30,7586955;1;1;1;30,3
13;78,94;31,06023372;24,03681447;26,13076456;28,19383325;30,22908886;32,23907583;1;1;1;30,3
14;41,56;20,75325033;11,95048477;14,92201832;18,26280265;21,98094584;26,08404019;2;1;2;28
14;55,81;22,40475539;17,19087647;19,97257605;22,89247611;25,94463149;29,12381583;3;1;3;25,7
14;66,33;25,23022188;20,5844018;23,07614574;25,60415897;28,16576811;30,7586955;3;1;3;25,7
14;78,94;27,95620011;24,03681447;26,13076456;28,19383325;30,22908886;32,23907583;3;1;3;25,7
15;25,53;14,34620661;5,750177139;8,300567865;11,59174867;15,74661594;20,89576581;2;2;4;23,4
15;37,61;16,67423181;10,41260604;13,36170689;16,76455608;20,64278652;25,0171443;3;2;4;23,4
15;51,87;19,79816307;15,8067847;18,67268039;21,72902787;24,9704214;28,39203897;3;2;4;23,4
15;62,39;21,50936108;19,36722394;21,97557359;24,65254504;27,39378532;30,19554627;4;2;4;23,4
15;75;24,97155241;23,03010186;25,2496137;27,45415209;29,64509984;31,82361223;4;2;4;23,4
16;34,26;16,21658583;9,100110731;11,99359202;15,41816815;19,41284042;24,01589409;2;1;2;28
16;48,55;20,315502;14,59816616;17,51902708;20,68112749;24,08101391;27,71556292;3;1;3;25,7
16;62,19;22,5241413;19,30369121;21,91775716;24,60226141;27,35277501;30,16548219;3;1;3;25,7
17;48,55;19,24102883;14,59816616;17,51902708;20,68112749;24,08101391;27,71556292;3;1;3;25,7
17;62,19;21,76803055;19,30369121;21,91775716;24,60226141;27,35277501;30,16548219;4;1;4;23,4
18;55,62;19,08184762;17,12546595;19,91162416;22,83831092;25,89957369;29,09017611;4;0;4;23,4
18;69,25;22,04659767;21,44385486;23,8454799;26,26329888;28,69600749;31,14250236;4;0;4;23,4
19;40,37;19,77826542;11,48927839;14,45850608;17,82157732;21,59000919;25,77465998;2;1;2;28
19;54,66;23,06137789;16,79285823;19,60096941;22,5616634;25,66899622;28,91772118;2;1;2;28
19;68,3;26,02612793;21,16823434;23,5994374;26,05302548;28,52724386;31,02060485;3;1;3;25,7
20;40,37;18,64409929;11,48927839;14,45850608;17,82157732;21,59000919;25,77465998;2;2;3;25,7
20;54,66;20,81294329;16,79285823;19,60096941;22,5616634;25,66899622;28,91772118;3;2;3;25,7
20;68,3;23,10117319;21,16823434;23,5994374;26,05302548;28,52724386;31,02060485;4;2;3;25,7
21;54,66;22,30526714;16,79285823;19,60096941;22,5616634;25,66899622;28,91772118;3;0;3;25,7
21;68,3;24,69298529;21,16823434;23,5994374;26,05302548;28,52724386;31,02060485;3;0;3;25,7
22;54,66;24,21544166;16,79285823;19,60096941;22,5616634;25,66899622;28,91772118;2;1;2;28
22;68,3;25,88684437;21,16823434;23,5994374;26,05302548;28,52724386;31,02060485;3;1;3;25,7
23;21,81;14,02784418;4,413631904;6,714265975;9,834684335;13,9574054;19,28542612;1;1;1;30,3
23;36,79;19,459903;10,09151468;13,03033723;16,4414165;20,35007042;24,78071121;2;1;2;28
23;48,82;23,55881917;14,69779163;17,61481892;20,76871684;24,1558077;27,77276921;2;1;2;28
23;59,95;27,91640481;18,58074977;21,25716684;24,02559531;26,88084736;29,81842362;1;1;1;30,3
24;21,81;13,41101699;4,413631904;6,714265975;9,834684335;13,9574054;19,28542612;2;0;2;28
24;36,79;18,92266641;10,09151468;13,03033723;16,4414165;20,35007042;24,78071121;2;0;2;28
24;48,82;22,36496009;14,69779163;17,61481892;20,76871684;24,1558077;27,77276921;2;0;2;28
24;59,95;26,06592324;18,58074977;21,25716684;24,02559531;26,88084736;29,81842362;2;0;2;28
25;36,79;18,30583922;10,09151468;13,03033723;16,4414165;20,35007042;24,78071121;2;0;2;28
25;48,82;23,17081497;14,69779163;17,61481892;20,76871684;24,1558077;27,77276921;2;0;2;28
25;59,95;26,60315982;18,58074977;21,25716684;24,02559531;26,88084736;29,81842362;2;0;2;28
26;22,08;14,04774184;4,507685677;6,82874017;9,964392324;14,09224275;19,40910322;2;1;2;28
26;37,09;19,51959595;10,20902521;13,15184845;16,56012206;20,45777634;24,86783928;2;1;2;28
26;49,11;23,75779568;14,80454369;17,71732038;20,86232269;24,23564629;27,83376859;2;1;2;28
26;60,25;28,15517662;18,67877609;21,34703331;24,10427912;26,94541623;29,86602783;1;1;1;30,3
27;37,09;17,2512637;10,20902521;13,15184845;16,56012206;20,45777634;24,86783928;2;0;2;28
27;49,11;22,38485774;14,80454369;17,71732038;20,86232269;24,23564629;27,83376859;2;0;2;28
27;60,25;26,68275043;18,67877609;21,34703331;24,10427912;26,94541623;29,86602783;2;0;2;28
28;30,49;15,15206148;7,631281239;10,41492217;13,82063353;17,91561061;22,7678538;2;1;2;28
28;41,79;18,58440634;12,039356;15,01092277;18,34707751;22,055328;26,14269538;2;1;2;28
28;55,22;21,38997517;16,9873063;19,78272996;22,72364543;25,80409416;29,01882714;3;1;3;25,7
28;67,18;24,11595341;20,83834116;23,3041095;25,79997908;28,32366935;30,87324148;3;1;3;25,7
29;30,49;16,67423181;7,631281239;10,41492217;13,82063353;17,91561061;22,7678538;2;1;2;28
29;41,79;20,65376208;12,039356;15,01092277;18,34707751;22,055328;26,14269538;2;1;2;28
29;55,22;23,18076379;16,9873063;19,78272996;22,72364543;25,80409416;29,01882714;2;1;2;28
29;67,18;25,17052893;20,83834116;23,3041095;25,79997908;28,32366935;30,87324148;3;1;3;25,7
30;41,79;19,79816307;12,039356;15,01092277;18,34707751;22,055328;26,14269538;2;1;2;28
30;55,22;22,90219668;16,9873063;19,78272996;22,72364543;25,80409416;29,01882714;2;1;2;28
30;67,18;24,8123712;20,83834116;23,3041095;25,79997908;28,32366935;30,87324148;3;1;3;25,7
31;28,68;13,98804888;6,935462204;9,646409201;13,02346476;17,15139276;22,11740116;2;0;2;28
31;46,06;19,91754898;13,66921747;16,61943529;19,8532047;23,36980606;27,16858102;2;0;2;28
31;58,38;25,40930074;18,06175148;20,77978928;23,60635628;26,53585955;29,56342443;2;0;2;28
31;65,05;27,0210105;20,19619011;22,7265626;25,30302008;27,92231301;30,58166373;2;0;2;28
32;46,06;20,93232919;13,66921747;16,61943529;19,8532047;23,36980606;27,16858102;2;0;2;28
32;58,38;24,7327806;18,06175148;20,77978928;23,60635628;26,53585955;29,56342443;2;0;2;28
32;65,05;27,53834943;20,19619011;22,7265626;25,30302008;27,92231301;30,58166373;2;0;2;28
33;28,42;12,99316632;6,836257494;9,535624192;12,90739201;17,03909317;22,02100815;2;2;4;23,4
33;45,8;15,63955394;13,5712178;16,52383786;19,76463866;23,29326259;27,10938211;4;2;4;23,4
33;58,11;18,78338285;17,97149141;20,69649177;23,53298247;26,47531385;29,51855752;4;2;4;23,4
33;64,78;21,03181745;20,11341188;22,65184951;25,23852579;27,87007269;30,54360915;4;2;4;23,4
34;45,8;19,89765132;13,5712178;16,52383786;19,76463866;23,29326259;27,10938211;2;1;2;28
34;58,11;23,35984266;17,97149141;20,69649177;23,53298247;26,47531385;29,51855752;3;1;3;25,7
34;64,78;25,86694672;20,11341188;22,65184951;25,23852579;27,87007269;30,54360915;2;1;2;28
35;25,46;15,0824197;5,724311511;8,27061881;11,55932024;15,7142801;20,86722542;2;1;2;28
35;42,84;21,31038457;12,4438291;15,41392157;18,72769538;22,39014179;26,4059019;2;1;2;28
35;55,16;26,2847974;16,96652957;19,76332865;22,70637131;25,78969926;29,0080626;1;1;1;30,3
35;61,83;29,56790987;19,18891062;21,81320807;24,51125799;27,27849767;30,11099202;1;1;1;30,3
36;42,84;21,8277235;12,4438291;15,41392157;18,72769538;22,39014179;26,4059019;2;0;2;28
36;55,16;24,71288295;16,96652957;19,76332865;22,70637131;25,78969926;29,0080626;2;0;2;28
36;61,83;27,16029406;19,18891062;21,81320807;24,51125799;27,27849767;30,11099202;2;0;2;28
37;26,68;17,72880733;6,178331912;8,792541573;12,12076795;16,27078492;21,35570865;1;1;1;30,3
37;44,05;19,81806072;12,90714721;15,87237537;19,15797817;22,76647025;26,70017505;2;1;2;28
37;56,37;24,3447764;17,38285262;20,15120178;23,05099913;26,07633758;29,22203426;2;1;2;28
37;63,04;28,73220851;19,57254646;22,16216613;24,81462429;27,52582261;30,29223869;1;1;1;30,3
38;45,96;22,66342486;13,63154651;16,58270388;19,81918855;23,34041828;27,14586013;2;1;2;28
38;58,28;25,82715142;18,02835599;20,74897952;23,57922478;26,51347736;29,54684228;2;1;2;28
38;64,95;28,97098033;20,1655676;22,69893075;25,27917311;27,90300112;30,56759872;1;1;1;30,3
39;28,58;19,36041474;6,897281743;9,603809315;12,97886726;17,10827664;22,08041727;1;0;1;30,3
39;45,96;24,23533931;13,63154651;16,58270388;19,81918855;23,34041828;27,14586013;1;0;1;30,3
39;58,28;26,52356922;18,02835599;20,74897952;23,57922478;26,51347736;29,54684228;1;0;1;30,3
39;64,95;29,18985449;20,1655676;22,69893075;25,27917311;27,90300112;30,56759872;1;0;1;30,3
40;45,96;20,89253389;13,63154651;16,58270388;19,81918855;23,34041828;27,14586013;2;1;2;28
40;58,28;25,32971014;18,02835599;20,74897952;23,57922478;26,51347736;29,54684228;2;1;2;28
40;64,95;27,97609776;20,1655676;22,69893075;25,27917311;27,90300112;30,56759872;1;1;1;30,3
41;28,58;17,66911438;6,897281743;9,603809315;12,97886726;17,10827664;22,08041727;1;1;1;30,3
41;45,96;22,10629062;13,63154651;16,58270388;19,81918855;23,34041828;27,14586013;2;1;2;28
41;58,28;25,96643498;18,02835599;20,74897952;23,57922478;26,51347736;29,54684228;2;1;2;28
41;64,95;28,45364139;20,1655676;22,69893075;25,27917311;27,90300112;30,56759872;1;1;1;30,3
42;29,7;17,27116135;7,32654868;10,08014136;13,47505567;17,58579874;22,4883032;2;0;2;28
42;47,08;21,58895169;14,05190329;16,99145072;20,19677493;23,66588245;27,39695836;2;0;2;28
42;59,4;25,5883796;18,4000767;21,09128641;23,88015952;26,76135257;29,73022338;2;0;2;28
42;66,06;27,53834943;20,50309393;23,00303732;25,54126707;28,11498655;30,72181144;2;0;2;28
43;29,7;17,76860263;7,32654868;10,08014136;13,47505567;17,58579874;22,4883032;1;1;1;30,3
43;47,08;22,20577888;14,05190329;16,99145072;20,19677493;23,66588245;27,39695836;2;1;2;28
43;59,4;26,84193164;18,4000767;21,09128641;23,88015952;26,76135257;29,73022338;1;1;1;30,3
43;66,06;28,97098033;20,50309393;23,00303732;25,54126707;28,11498655;30,72181144;1;1;1;30,3
44;47,08;23,87718159;14,05190329;16,99145072;20,19677493;23,66588245;27,39695836;1;0;1;30,3
44;59,4;27,16029406;18,4000767;21,09128641;23,88015952;26,76135257;29,73022338;1;0;1;30,3
44;66,06;29,42862631;20,50309393;23,00303732;25,54126707;28,11498655;30,72181144;1;0;1;30,3
45;30,06;20,15632079;7,465233264;10,23283656;13,63299068;17,73680442;22,61651266;1;1;1;30,3
45;47,44;23,51902387;14,18627052;17,12159286;20,31656518;23,76879732;27,47611675;2;1;2;28
45;59,76;25,60827726;18,51847538;21,20002745;23,97552723;26,83973158;29,78809053;2;1;2;28
45;66,43;28,89138972;20,61443697;23,10313754;25,62736748;28,18449924;30,77229482;1;1;1;30,3
46;47,44;23,9567722;14,18627052;17,12159286;20,31656518;23,76879732;27,47611675;1;1;1;30,3
46;59,76;26,20520679;18,51847538;21,20002745;23,97552723;26,83973158;29,78809053;2;1;2;28
46;66,43;29,70719343;20,61443697;23,10313754;25,62736748;28,18449924;30,77229482;1;1;1;30,3
47;23,88;13,68958411;5,147209886;7,595145265;10,82067268;14,97102365;20,20567024;2;1;2;28
47;41,26;19,02215467;11,83442868;14,80572119;18,15239078;21,88335634;26,00698352;2;1;2;28
47;53,58;24,0761581;16,41452567;19,24612022;22,24444926;25,40367905;28,71863983;2;1;2;28
47;60,25;27,08070345;18,67877609;21,34703331;24,10427912;26,94541623;29,86602783;1;1;1;30,3
48;23,59;12,09777201;5,04279516;7,47136681;10,68374569;14,83177874;20,08051897;2;1;2;28
48;40,97;18,36553217;11,7220994;14,69294309;18,04513337;21,78840353;25,93189817;2;1;2;28
48;53,29;21,50936108;16,31220167;19,14987019;22,15818136;25,33135099;28,66424764;3;1;3;25,7
48;59,95;24,09605575;18,58074977;21,25716684;24,02559531;26,88084736;29,81842362;2;1;2;28
49;19,12;11,79930724;3,507810355;5,58490577;8,526494068;12,56951536;17,98811177;2;1;2;28
49;36,5;17,13187779;9,977889716;12,91257684;16,32613733;20,24527508;24,69578918;2;1;2;28
49;48,82;20,55427382;14,69779163;17,61481892;20,76871684;24,1558077;27,77276921;3;1;3;25,7
49;55,49;23,77769333;17,08063134;19,86981898;22,80113899;25,86863542;29,06706654;2;1;2;28
50;36,5;17,41044491;9,977889716;12,91257684;16,32613733;20,24527508;24,69578918;2;0;2;28
50;48,82;21,8277235;14,69779163;17,61481892;20,76871684;24,1558077;27,77276921;2;0;2;28
50;55,49;25,13073362;17,08063134;19,86981898;22,80113899;25,86863542;29,06706654;2;0;2;28
51;19,35;11,12278709;3,582847418;5,680488857;8,639377395;12,69140707;18,10390766;2;1;2;28
51;36,73;15,97781401;10,06800833;13,00599701;16,41760841;20,32844358;24,76319769;3;1;3;25,7
51;49,05;20,63386442;14,78247873;17,69614604;20,84299597;24,21916991;27,8211856;3;1;3;25,7
51;55,72;23,83738629;17,15990988;19,943726;22,86684302;25,92331192;29,10790128;2;1;2;28
52;19,45;13,80897002;3,615622912;5,7221138;8,688402495;12,74421225;18,15395625;1;1;1;30,3
52;36,83;18,20635096;10,10718485;13,04655704;16,45727615;20,36447242;24,79237055;2;1;2;28
52;49,15;22,84250372;14,81924736;17,73142708;20,87519559;24,24661841;27,84214639;2;1;2;28
52;55,81;26,22510445;17,19087647;19,97257605;22,89247611;25,94463149;29,12381583;1;1;1;30,3
53;18,96;11,2023777;3,455899617;5,518544163;8,447865647;12,48435831;17,9069901;2;1;2;28
53;48,65;19,73847011;14,63509079;17,5545459;20,71361743;24,10876736;27,73679718;3;1;3;25,7
53;55,32;23,02158258;17,02190365;19,81502654;22,75239251;25,82804327;29,03673188;2;1;2;28
54;19,45;13,33142639;3,615622912;5,7221138;8,688402495;12,74421225;18,15395625;1;1;1;30,3
54;36,83;19,47980065;10,10718485;13,04655704;16,45727615;20,36447242;24,79237055;2;1;2;28
54;49,15;23,53892152;14,81924736;17,73142708;20,87519559;24,24661841;27,84214639;2;1;2;28
54;55,81;27,16029406;17,19087647;19,97257605;22,89247611;25,94463149;29,12381583;1;1;1;30,3
55;19,45;11,95848845;3,615622912;5,7221138;8,688402495;12,74421225;18,15395625;2;1;2;28
55;36,83;19,77826542;10,10718485;13,04655704;16,45727615;20,36447242;24,79237055;2;1;2;28
55;49,15;22,82260607;14,81924736;17,73142708;20,87519559;24,24661841;27,84214639;2;1;2;28
55;55,81;27,43886118;17,19087647;19,97257605;22,89247611;25,94463149;29,12381583;1;1;1;30,3
56;38,7;20,21601375;10,83873807;13,79837267;17,18763956;21,02377723;25,32320303;2;0;2;28
56;50,79;23,18076379;15,41764221;18,30320936;21,39505397;24,68822616;28,17829138;2;0;2;28
56;63,5;27,1006011;19,71677768;22,29300816;24,92809405;27,61812372;30,35973956;2;0;2;28
57;23,29;13,59009585;4,935313857;7,343421117;10,54167126;14,68679604;19,94979152;2;0;2;28
57;37,52;17,84819324;10,37738186;13,32545515;16,72929329;20,6109172;24,99145752;2;0;2;28
57;48,06;21,48946343;14,41679354;17,34430002;20,52108384;23,9441321;27,61071393;2;0;2;28
57;60,28;24,35472522;18,68855837;21,35599616;24,11212258;26,95184958;29,87076881;2;0;2;28
57;71,22;27,30952644;22,00312952;24,34282203;26,68685617;29,03486368;31,38653445;2;0;2;28
58;37,52;18,46502043;10,37738186;13,32545515;16,72929329;20,6109172;24,99145752;2;0;2;28
58;48,06;21,29048692;14,41679354;17,34430002;20,52108384;23,9441321;27,61071393;2;0;2;28
58;60,28;24,37462287;18,68855837;21,35599616;24,11212258;26,95184958;29,87076881;2;0;2;28
58;71,22;27,42891235;22,00312952;24,34282203;26,68685617;29,03486368;31,38653445;2;0;2;28
59;30,58;19,42010769;7,666086868;10,45298943;13,85976898;17,95282137;22,79928516;1;1;1;30,3
59;42,71;20,75325033;12,39386748;15,36428426;18,68093672;22,34910842;26,37371569;2;1;2;28
59;53,02;23,06137789;16,21665874;19,0598906;22,07744534;25,26359298;28,61324498;2;1;2;28
59;64,55;25,35955661;20,04265306;22,58793643;25,18331638;27,82532486;30,51099349;2;1;2;28
60;30,42;16,73392476;7,604222177;10,38530363;13,79016161;17,88661788;22,74334892;2;0;2;28
60;42,54;21,64864464;12,32848212;15,29926335;18,61963515;22,29527138;26,33145634;2;0;2;28
60;52,86;24,37462287;16,15991603;19,00640221;22,02941117;25,22324883;28,58285546;2;0;2;28
60;64,39;27,08070345;19,99329722;22,54332918;25,1447629;27,79406137;30,48819581;2;0;2;28
61;30,39;19,38031239;7,592628691;10,37260714;13,77709332;17,87417873;22,73283118;1;1;1;30,3
61;42,51;24,09605575;12,31693761;15,28777609;18,60879891;22,28574974;26,32397877;1;1;1;30,3
61;52,83;24,43431583;16,14926648;18,9963593;22,02038895;25,21566841;28,57714363;2;1;2;28
61;64,36;25,94653733;19,98403092;22,53495197;25,13752067;27,78818713;30,4839113;2;1;2;28
62;30,35;19,61908421;7,577173778;10,35567587;13,75966064;17,85758042;22,71879289;1;0;1;30,3
62;42,48;25,5883796;12,30539134;15,27628495;18,59795717;22,27622178;26,31649518;1;0;1;30,3
62;64,32;29,05057093;19,97166993;22,52377579;25,12785776;27,78034875;30,47819372;1;0;1;30,3
63;30,55;17,17167309;7,654483084;10,44030207;13,84672918;17,94042598;22,78881738;2;0;2;28
63;42,67;20,39509261;12,37848785;15,34899648;18,66652869;22,33645906;26,36378965;2;0;2;28
63;52,99;24,25523697;16,20602653;19,049871;22,06844975;25,25603932;28,60755637;2;0;2;28
63;64,52;26,34449035;20,0334071;22,5795817;25,1760968;27,81947138;30,50672572;2;0;2;28
64;29,76;13,80897002;7,349640684;10,10560573;13,50143104;17,61104955;22,50976769;2;0;2;28
64;41,92;18,52471338;12,08954597;15,06107398;18,39456761;22,09720333;26,17568765;2;0;2;28
64;54,47;23,16086614;16,72661542;19,53895375;22,50631887;25,62277807;28,88309106;2;0;2;28
64;66,56;27,47865648;20,65341895;23,13815798;25,6574702;28,20878783;30,78992449;2;0;2;28
65;41,92;18,24614627;12,08954597;15,06107398;18,39456761;22,09720333;26,17568765;3;1;3;25,7
65;54,47;23,85728394;16,72661542;19,53895375;22,50631887;25,62277807;28,88309106;2;1;2;28
65;66,56;27,25978232;20,65341895;23,13815798;25,6574702;28,20878783;30,78992449;2;1;2;28
66;28,35;16,05740462;6,809584806;9,505783751;12,87607554;17,00874872;21,99492532;2;0;2;28
66;40,51;19,77826542;11,54365134;14,51334006;17,87393888;21,63653648;25,81157867;2;0;2;28
66;53,06;23,53892152;16,23082995;19,07324326;22,08943169;25,27365674;28,62082305;2;0;2;28
66;65,14;27,27967997;20,22371405;22,7513914;25,32444238;27,93965722;30,59429288;2;0;2;28
67;40,51;20,33539965;11,54365134;14,51334006;17,87393888;21,63653648;25,81157867;2;0;2;28
67;53,06;23,9965675;16,23082995;19,07324326;22,08943169;25,27365674;28,62082305;2;0;2;28
67;65,14;27,20008936;20,22371405;22,7513914;25,32444238;27,93965722;30,59429288;2;0;2;28
68;25,1;15,24160091;5,591667947;8,116609775;11,39214141;15,54719334;20,71943576;2;1;2;28
68;37,25;19,5394936;10,27168095;13,21652388;16,62320347;20,51492874;24,91400994;2;1;2;28
68;49,8;24,41441818;15,05746649;17,95959027;21,08308475;24,42356284;27,97707806;2;1;2;28
68;61,89;28,93118503;19,20807833;21,83067577;24,52646935;27,29091834;30,12010734;1;1;1;30,3
69;25,3;12,73449685;5,665279584;8,202166705;11,48510182;15,64018251;20,80175079;2;0;2;28
69;37,45;18,16655566;10,34998188;13,297239;16,70183194;20,58608617;24,9714344;2;0;2;28
69;50;23,47922856;15,1304901;18,02938762;21,14656114;24,47749792;28,01814187;2;0;2;28
69;62,09;26,72254573;19,27186206;21,88877762;24,57704635;27,33220172;30,1503945;2;0;2;28
70;37,45;18,66399694;10,34998188;13,297239;16,70183194;20,58608617;24,9714344;2;0;2;28
70;50;23,63840977;15,1304901;18,02938762;21,14656114;24,47749792;28,01814187;2;0;2;28
70;62,09;27,27967997;19,27186206;21,88877762;24,57704635;27,33220172;30,1503945;2;0;2;28
71;25,07;13,35132404;5,580643561;8,103777248;11,37817949;15,53320967;20,70704302;2;0;2;28
71;37,22;18,40532748;10,25993397;13,20440421;16,6113878;20,50422802;24,90536863;2;0;2;28
71;49,77;23,53892152;15,04650171;17,94910414;21,07354346;24,415452;27,97090019;2;0;2;28
71;61,86;27,18019171;19,19849635;21,82194406;24,51886588;27,28471007;30,11555137;2;0;2;28
72;26,68;13,4906076;6,178331912;8,792541573;12,12076795;16,27078492;21,35570865;2;0;2;28
72;38,83;19,10174527;10,88949244;13,85015253;17,23760749;21,06860798;25,3590939;2;0;2;28
72;51,38;24,19554401;15,63072677;18,50574837;21,5783198;24,84322285;28,29579371;2;0;2;28
72;63,47;26,2450021;19,70739849;22,28450544;24,92072481;27,61213268;30,35536054;2;0;2;28
73;38,83;19,87775367;10,88949244;13,85015253;17,23760749;21,06860798;25,3590939;2;1;2;28
73;51,38;26,66285278;15,63072677;18,50574837;21,5783198;24,84322285;28,29579371;1;1;1;30,3
73;63,47;30,10514645;19,70739849;22,28450544;24,92072481;27,61213268;30,35536054;1;1;1;30,3
74;26,77;14,84364789;6,212081436;8,831028718;12,16186807;16,31125031;21,39100774;2;0;2;28
74;38,93;20,13642314;10,92852279;13,88993894;17,27597311;21,10300578;25,38661494;2;0;2;28
74;51,48;23,59861447;15,66672458;18,53991043;21,60918649;24,86929374;28,31553378;2;0;2;28
74;63,57;26,18530914;19,7386477;22,31283136;24,94527217;27,63208738;30,36994476;2;0;2;28
75;30,72;15,83853045;7,720262649;10,51217394;13,92055065;18,01055839;22,84801154;2;0;2;28
75;44,42;20,9721245;13,04817109;16,01126676;19,28778037;22,87955276;26,78828159;2;0;2;28
75;56,27;24,15574871;17,34866054;20,11941623;23,02281395;26,05293809;29,2045965;2;0;2;28
75;63,86;27,27967997;19,82903165;22,39471014;25,01618928;27,689707;30,41203721;2;0;2;28
76;44,42;23,14096849;13,04817109;16,01126676;19,28778037;22,87955276;26,78828159;1;0;1;30,3
76;56,27;26,50367156;17,34866054;20,11941623;23,02281395;26,05293809;29,2045965;1;0;1;30,3
76;63,86;29,24954745;19,82903165;22,39471014;25,01618928;27,689707;30,41203721;1;0;1;30,3
77;30,75;16,63443651;7,731876978;10,52485131;13,93356012;18,02290746;22,85842658;2;1;2;28
77;44,45;23,04148023;13,05959141;16,02250132;19,29826863;22,88868118;26,79538749;1;1;1;30,3
77;56,31;26,20520679;17,36234205;20,13213629;23,0340944;26,06230409;29,21157686;1;1;1;30,3
77;63,9;28,25466488;19,84147051;22,4059727;25,02593948;27,69762556;30,4178196;1;1;1;30,3
78;30,75;18,22624861;7,731876978;10,52485131;13,93356012;18,02290746;22,85842658;1;0;1;30,3
78;44,45;24,01646515;13,05959141;16,02250132;19,29826863;22,88868118;26,79538749;1;0;1;30,3
78;56,31;27,12049876;17,36234205;20,13213629;23,0340944;26,06230409;29,21157686;1;0;1;30,3
78;63,9;29,60770517;19,84147051;22,4059727;25,02593948;27,69762556;30,4178196;1;0;1;30,3
79;44,45;20,69355738;13,05959141;16,02250132;19,29826863;22,88868118;26,79538749;2;0;2;28
79;56,31;23,83738629;17,36234205;20,13213629;23,0340944;26,06230409;29,21157686;2;0;2;28
79;63,9;26,40418331;19,84147051;22,4059727;25,02593948;27,69762556;30,4178196;2;0;2;28
80;30,78;18,56450869;7,743493126;10,5375269;13,94656422;18,03524838;22,86883235;1;1;1;30,3
80;44,48;22,80270842;13,07100959;16,03373184;19,30875146;22,89780355;26,80248773;2;1;2;28
80;56,34;26,50367156;17,37259909;20,14167122;23,04254916;26,06932316;29,21680753;1;1;1;30,3
80;63,93;29,05057093;19,85079522;22,41441468;25,03324713;27,70355989;30,42215268;1;1;1;30,3
81;44,48;20,67365973;13,07100959;16,03373184;19,30875146;22,89780355;26,80248773;2;1;2;28
81;56,34;22,58383425;17,37259909;20,14167122;23,04254916;26,06932316;29,21680753;3;1;3;25,7
81;63,93;25,508789;19,85079522;22,41441468;25,03324713;27,70355989;30,42215268;2;1;2;28
82;25,39;13,19214283;5,69846963;8,240670449;11,52686614;15,68189446;20,83862135;2;1;2;28
82;37,12;20,17621844;10,22077411;13,16398205;16,57196192;20,46850778;24,87651199;2;1;2;28
82;50,13;24,59349704;15,17788523;18,07465304;21,18769769;24,51242811;28,04472;1;1;1;30,3
82;62,12;26,78223868;19,2814152;21,89747648;24,584616;27,33837848;30,15492471;2;1;2;28
83;37,12;19,65887951;10,22077411;13,16398205;16,57196192;20,46850778;24,87651199;2;0;2;28
83;50,13;23,339945;15,17788523;18,07465304;21,18769769;24,51242811;28,04472;2;0;2;28
83;62,12;26,3245927;19,2814152;21,89747648;24,584616;27,33837848;30,15492471;2;0;2;28
84;25,3;13,94825358;5,665279584;8,202166705;11,48510182;15,64018251;20,80175079;2;1;2;28
84;37,02;20,79304563;10,1816095;13,12352428;16,53247402;20,43270866;24,84757469;1;1;1;30,3
84;50,03;25,48889135;15,14143237;18,03984069;21,15606279;24,48556764;28,02428319;1;1;1;30,3
84;62,02;29,01077563;19,24955677;21,86846364;24,55936669;27,31777331;30,13981098;1;1;1;30,3
85;26,02;13,4906076;5,931884108;8,510216552;11,8180231;15,97157896;21,09378306;2;1;2;28
85;37,75;19,16143823;10,46738897;13,41803968;16,81930946;20,69223542;25,056974;2;1;2;28
85;50,76;25,05114302;15,4067758;18,29286591;21,38568257;24,68029084;28,17226901;1;1;1;30,3
85;62,75;28,81179912;19,48116027;22,07916456;24,74256497;27,46714818;30,24928996;1;1;1;30,3
86;37,75;20,51447852;10,46738897;13,41803968;16,81930946;20,69223542;25,056974;2;0;2;28
86;50,76;24,45421348;15,4067758;18,29286591;21,38568257;24,68029084;28,17226901;2;0;2;28
86;62,75;27,35927057;19,48116027;22,07916456;24,74256497;27,46714818;30,24928996;2;0;2;28
87;37,75;18,10686271;10,46738897;13,41803968;16,81930946;20,69223542;25,056974;2;0;2;28
87;50,76;23,28025205;15,4067758;18,29286591;21,38568257;24,68029084;28,17226901;2;0;2;28
87;62,75;25,88684437;19,48116027;22,07916456;24,74256497;27,46714818;30,24928996;2;0;2;28
88;29,37;15,34108917;7,199707886;9,939984125;13,32961456;17,44632154;22,36955373;2;0;2;28
88;41,33;18,98235936;11,86152201;14,83289095;18,17820301;21,90618506;26,02501938;2;0;2;28
88;53,35;24,25523697;16,33339739;19,16981754;22,17606796;25,34635348;28,67553409;2;0;2;28
88;66;27,7970189;20,48498333;22,98674525;25,52724561;28,10366049;30,71358197;2;0;2;28
89;41,33;18,08696505;11,86152201;14,83289095;18,17820301;21,90618506;26,02501938;3;1;3;25,7
89;53,35;21,58895169;16,33339739;19,16981754;22,17606796;25,34635348;28,67553409;3;1;3;25,7
89;66;26,12561619;20,48498333;22,98674525;25,52724561;28,10366049;30,71358197;2;1;2;28
90;24,8;9,988620965;5,481632037;7,988299829;11,25231387;15,40694098;20,59497003;3;0;3;25,7
90;37,29;15,93801871;10,28734287;13,23267842;16,63894901;20,52918535;24,92552045;3;0;3;25,7
90;49,51;20,81294329;14,95135159;17,85804386;20,99063533;24,34493233;27,91715775;3;0;3;25,7
90;62,52;24,61339469;19,40843034;22,01305238;24,68512488;27,42034488;30,21500867;3;0;3;25,7
91;37,29;18,7236899;10,28734287;13,23267842;16,63894901;20,52918535;24,92552045;2;0;2;28
91;49,51;23,06137789;14,95135159;17,85804386;20,99063533;24,34493233;27,91715775;2;0;2;28
91;62,52;25,34960779;19,40843034;22,01305238;24,68512488;27,42034488;30,21500867;2;0;2;28
92;37,29;19,61908421;10,28734287;13,23267842;16,63894901;20,52918535;24,92552045;2;1;2;28
92;49,51;24,69298529;14,95135159;17,85804386;20,99063533;24,34493233;27,91715775;1;1;1;30,3
92;62,52;27,45875883;19,40843034;22,01305238;24,68512488;27,42034488;30,21500867;1;1;1;30,3
93;24,05;11,62022837;5,208647902;7,667744031;10,90074957;15,05223857;20,27848489;2;1;2;28
93;36,53;16,15689288;9,989645214;12,92477247;16,33808694;20,25614708;24,70460626;3;1;3;25,7
93;48,75;22,70322016;14,6719845;17,59001725;20,7460492;24,13645954;27,75797641;2;1;2;28
93;61,76;26,18530914;19,16652931;21,79280739;24,49348905;27,26398604;30,10034043;2;1;2;28
94;36,53;19,36041474;9,989645214;12,92477247;16,33808694;20,25614708;24,70460626;2;1;2;28
94;48,75;24,95165476;14,6719845;17,59001725;20,7460492;24,13645954;27,75797641;1;1;1;30,3
94;61,76;27,7572236;19,16652931;21,79280739;24,49348905;27,26398604;30,10034043;1;1;1;30,3
95;24,44;10,98350353;5,350214499;7,834385805;11,08391528;15,23741315;20,444016;3;1;3;25,7
95;36,93;16,5548459;10,14635757;13,08708198;16,49688188;20,40042188;24,82146191;2;1;2;28
95;49,15;21,90731411;14,81924736;17,73142708;20,87519559;24,24661841;27,84214639;2;1;2;28
95;62,16;25,88684437;19,29414686;21,90906829;24,59470203;27,3466078;30,16095978;2;1;2;28
96;24,05;10,98350353;5,208647902;7,667744031;10,90074957;15,05223857;20,27848489;2;1;2;28
96;36,53;16,19668818;9,989645214;12,92477247;16,33808694;20,25614708;24,70460626;3;1;3;25,7
96;48,75;20,77314798;14,6719845;17,59001725;20,7460492;24,13645954;27,75797641;2;1;2;28
96;61,76;25,4689937;19,16652931;21,79280739;24,49348905;27,26398604;30,10034043;2;1;2;28
97;26,54;12,0579767;6,12589926;8,732665819;12,05674654;16,20767935;21,30060112;2;1;2;28
97;39,88;17,13187779;11,29875747;14,26596167;17,63735919;21,42602689;25,64432938;3;1;3;25,7
97;50,66;19,87775367;15,37053253;18,25835644;21,3544076;24,65380177;28,15216088;3;1;3;25,7
97;63,14;24,91185946;19,6039769;22,19069508;24,83937819;27,54596805;30,30697774;2;1;2;28
98;26,64;10,70493641;6,16334283;8,775435028;12,10248703;16,25277458;21,33998826;3;2;2;28
98;39,98;19,18133588;11,3376656;14,30533501;17,67507515;21,45963684;25,67106921;2;2;2;28
98;50,76;22,64352721;15,4067758;18,29286591;21,38568257;24,68029084;28,17226901;2;2;2;28
98;63,24;27,61794004;19,63536524;22,21917677;24,86408393;27,56606897;30,32168063;1;2;2;28
99;25,89;13,21204048;5,883567699;8,454596192;11,75811533;15,91213087;21,04154695;2;0;2;28
99;39,22;20,2359114;11,04165158;14,0051005;17,38688319;21,20233125;25,46599918;2;0;2;28
99;50;23,04148023;15,1304901;18,02938762;21,14656114;24,47749792;28,01814187;2;0;2;28
99;62,48;26,96131755;19,395759;22,00152899;24,67510907;27,41218084;30,20902687;2;0;2;28
100;39,22;20,29560435;11,04165158;14,0051005;17,38688319;21,20233125;25,46599918;2;0;2;28
100;50;22,44455069;15,1304901;18,02938762;21,14656114;24,47749792;28,01814187;2;0;2;28
100;62,48;26,94141989;19,395759;22,00152899;24,67510907;27,41218084;30,20902687;2;0;2;28
101;25,89;13,13244987;5,883567699;8,454596192;11,75811533;15,91213087;21,04154695;2;0;2;28
101;39,22;19,18133588;11,04165158;14,0051005;17,38688319;21,20233125;25,46599918;2;0;2;28
101;50;22,44455069;15,1304901;18,02938762;21,14656114;24,47749792;28,01814187;2;0;2;28
101;62,48;27,1006011;19,395759;22,00152899;24,67510907;27,41218084;30,20902687;2;0;2;28
102;39,22;21,29048692;11,04165158;14,0051005;17,38688319;21,20233125;25,46599918;1;1;1;30,3
102;50;23,12107084;15,1304901;18,02938762;21,14656114;24,47749792;28,01814187;2;1;2;28
102;62,48;27,63783769;19,395759;22,00152899;24,67510907;27,41218084;30,20902687;1;1;1;30,3
103;31,93;15,0824197;8,190024802;11,02198896;14,44099229;18,50222159;23,26084693;2;1;2;28
103;46,39;20,35529731;13,79334095;16,7403214;19,96503552;23,46632647;27,24313761;2;1;2;28
103;56,77;23,44938209;17,51923011;20,27785765;23,16320948;26,16941984;29,29134914;2;1;2;28
103;67,9;25,76745847;21,05103034;23,49461893;25,96329566;28,45511718;30,96843428;3;1;3;25,7
104;46,39;20,57417147;13,79334095;16,7403214;19,96503552;23,46632647;27,24313761;2;1;2;28
104;56,77;23,47922856;17,51923011;20,27785765;23,16320948;26,16941984;29,29134914;2;1;2;28
104;67,9;25,07104067;21,05103034;23,49461893;25,96329566;28,45511718;30,96843428;3;1;3;25,7
105;32,56;14,94313615;8,435525055;11,28610158;14,70847183;18,75307021;23,47005899;2;1;2;28
105;47,01;21,11140806;14,02573323;16,96607491;20,17339358;23,645776;27,38147975;2;1;2;28
105;57,39;23,51902387;17,72937148;20,47263747;23,33546697;26,31208004;29,39742273;2;1;2;28
105;68,53;25,32971014;21,23531718;23,65937947;26,10429855;28,56842852;31,05037466;3;1;3;25,7
106;32,56;15,71914455;8,435525055;11,28610158;14,70847183;18,75307021;23,47005899;2;1;2;28
106;47,01;19,65887951;14,02573323;16,96607491;20,17339358;23,645776;27,38147975;3;1;3;25,7
106;57,39;23,3001497;17,72937148;20,47263747;23,33546697;26,31208004;29,39742273;3;1;3;25,7
106;68,53;25,43914722;21,23531718;23,65937947;26,10429855;28,56842852;31,05037466;3;1;3;25,7
107;47,01;20,25580905;14,02573323;16,96607491;20,17339358;23,645776;27,38147975;2;1;2;28
107;57,39;22,58383425;17,72937148;20,47263747;23,33546697;26,31208004;29,39742273;3;1;3;25,7
107;68,53;24,70293412;21,23531718;23,65937947;26,10429855;28,56842852;31,05037466;3;1;3;25,7
108;47,01;21,35017987;14,02573323;16,96607491;20,17339358;23,645776;27,38147975;2;0;2;28
108;57,39;24,04631163;17,72937148;20,47263747;23,33546697;26,31208004;29,39742273;2;0;2;28
108;68,53;27,73732595;21,23531718;23,65937947;26,10429855;28,56842852;31,05037466;2;0;2;28
109;25,66;13,23193813;5,798275601;8,3561888;11,65190454;15,80653637;20,94860116;2;0;2;28
109;40,11;19,5792889;11,38822635;14,35646029;17,72401355;21,50321903;25,70572199;2;0;2;28
109;50,49;22,88229902;15,30884193;18,19957986;21,30110937;24,60863576;28,11785821;2;0;2;28
109;61,63;25,99628146;19,1249098;21,75485844;24,46042565;27,23697617;30,08051002;2;0;2;28
110;40,11;17,03238953;11,38822635;14,35646029;17,72401355;21,50321903;25,70572199;3;0;3;25,7
110;50,49;20,24586022;15,30884193;18,19957986;21,30110937;24,60863576;28,11785821;3;0;3;25,7
110;61,63;24,39452052;19,1249098;21,75485844;24,46042565;27,23697617;30,08051002;3;0;3;25,7
111;26,45;15,38088447;6,092236009;8,69417035;12,01553358;16,16700876;21,26504705;2;0;2;28
111;36,73;18,7634852;10,06800833;13,00599701;16,41760841;20,32844358;24,76319769;2;0;2;28
111;50,56;24,0761581;15,33425566;18,22379882;21,32307566;24,62725408;28,132001;2;0;2;28
111;62,39;26,9812152;19,36722394;21,97557359;24,65254504;27,39378532;30,19554627;2;0;2;28
112;37,58;16,71402711;10,4008652;13,34962625;16,7528074;20,63217044;25,00858919;3;1;3;25,7
112;51,41;22,64352721;15,64152973;18,51600206;21,58758574;24,85105017;28,30172104;2;1;2;28
112;63,24;27,08070345;19,63536524;22,21917677;24,86408393;27,56606897;30,32168063;2;1;2;28
113;27,3;11,91869314;6,411484732;9,057586746;12,40299823;16,54792859;21,59688441;3;0;3;25,7
113;37,58;16,09719992;10,4008652;13,34962625;16,7528074;20,63217044;25,00858919;3;0;3;25,7
113;51,41;20,49458086;15,64152973;18,51600206;21,58758574;24,85105017;28,30172104;3;0;3;25,7
113;63,24;23,51902387;19,63536524;22,21917677;24,86408393;27,56606897;30,32168063;3;0;3;25,7
114;37,58;13,51050525;10,4008652;13,34962625;16,7528074;20,63217044;25,00858919;3;1;3;25,7
114;51,41;18,64409929;15,64152973;18,51600206;21,58758574;24,85105017;28,30172104;3;1;3;25,7
114;63,24;21,35017987;19,63536524;22,21917677;24,86408393;27,56606897;30,32168063;4;1;4;23,4
115;27,17;10,4661646;6,362473059;9,002031773;12,34399681;16,49013056;21,54669985;3;0;3;25,7
115;37,45;15,22170326;10,34998188;13,297239;16,70183194;20,58608617;24,9714344;3;0;3;25,7
115;51,28;20,22596257;15,5946945;18,47153798;21,5473966;24,81709427;28,276003;3;0;3;25,7
115;63,11;23,71800038;19,59455219;22,18214136;24,83195708;27,5399291;30,30255983;3;0;3;25,7
116;23,39;12,7543945;4,971079546;7,386057329;10,58907709;14,73522977;19,99351096;2;0;2;28
116;35,41;18,36553217;9,550682227;12,46740873;15,88818724;19,84534064;24,37033418;2;0;2;28
116;48,92;23,79759098;14,73463246;17,65020947;20,80104983;24,18339606;27,79385528;2;0;2;28
116;60,02;25,10088715;18,60365565;21,2781744;24,04399546;26,89595177;29,82956297;2;0;2;28
116;72,37;27,78707008;22,32197057;24,6252317;26,92650029;29,22595009;31,52372706;2;0;2;28
116;83,87;30,14494176;25,20730639;27,14612841;29,03926035;30,89159491;32,70715594;2;0;2;28
117;22,47;12,77429215;4,644446385;6,994353547;10,15118337;14,28560287;19,58576957;2;0;2;28
117;34,33;17,37064961;9,12752239;12,02254865;15,44701104;19,43948108;24,03780246;2;0;2;28
117;47,83;21,21089631;14,33140968;17,26189401;20,44547719;23,87936861;27,5610363;2;0;2;28
117;58,71;26,38428566;18,17167068;20,88111809;23,69552409;26,60937055;29,61785309;2;0;2;28
117;70,76;28,60287378;21,87401806;24,22823276;26,58944115;28,95705686;31,33058555;2;0;2;28
117;81,57;29,29929158;24,67335997;26,68413327;28,65548544;30,59150105;32,49555186;2;0;2;28
118;22,47;13,13244987;4,644446385;6,994353547;10,15118337;14,28560287;19,58576957;2;1;2;28
118;34,33;18,30583922;9,12752239;12,02254865;15,44701104;19,43948108;24,03780246;2;1;2;28
118;47,83;23,9567722;14,33140968;17,26189401;20,44547719;23,87936861;27,5610363;1;1;1;30,3
118;58,71;26,46387626;18,17167068;20,88111809;23,69552409;26,60937055;29,61785309;2;1;2;28
118;70,76;28,70236204;21,87401806;24,22823276;26,58944115;28,95705686;31,33058555;2;1;2;28
118;81,57;30,19468589;24,67335997;26,68413327;28,65548544;30,59150105;32,49555186;2;1;2;28
119;22,47;12,77429215;4,644446385;6,994353547;10,15118337;14,28560287;19,58576957;2;1;2;28
119;34,33;17,37064961;9,12752239;12,02254865;15,44701104;19,43948108;24,03780246;2;1;2;28
119;47,83;23,97666985;14,33140968;17,26189401;20,44547719;23,87936861;27,5610363;1;1;1;30,3
119;58,71;25,66797021;18,17167068;20,88111809;23,69552409;26,60937055;29,61785309;2;1;2;28
119;70,76;28,32430666;21,87401806;24,22823276;26,58944115;28,95705686;31,33058555;2;1;2;28
119;81,57;28,98092915;24,67335997;26,68413327;28,65548544;30,59150105;32,49555186;2;1;2;28
120;23,46;14,78395493;4,99615224;7,415910177;10,62223286;14,76907016;20,02402893;1;1;1;30,3
120;35,32;20,35529731;9,515407738;12,43047686;15,85169761;19,81188691;24,34301136;1;1;1;30,3
120;48,82;23,93687454;14,69779163;17,61481892;20,76871684;24,1558077;27,77276921;2;1;2;28
120;59,69;27,65773534;18,49549491;21,17893227;23,95703502;26,82454006;29,77687907;1;1;1;30,3
120;71,75;29,67734695;22,15077187;24,47369464;26,79798795;29,12353403;31,45023381;1;1;1;30,3
120;82,56;30,84135955;24,90576121;26,88545871;28,82290681;30,7225474;32,58804126;1;1;1;30,3
121;23,46;11,83910254;4,99615224;7,415910177;10,62223286;14,76907016;20,02402893;2;1;2;28
121;35,32;17,01249188;9,515407738;12,43047686;15,85169761;19,81188691;24,34301136;2;1;2;28
121;48,82;24,23533931;14,69779163;17,61481892;20,76871684;24,1558077;27,77276921;1;1;1;30,3
121;59,69;26,49372274;18,49549491;21,17893227;23,95703502;26,82454006;29,77687907;2;1;2;28
121;71,75;28,98092915;22,15077187;24,47369464;26,79798795;29,12353403;31,45023381;2;1;2;28
121;82,56;30,54289478;24,90576121;26,88545871;28,82290681;30,7225474;32,58804126;2;1;2;28
122;22,17;14,08753714;4,539152023;6,866932227;10,00755772;14,13701131;19,45007857;2;1;2;28
122;35,05;21,7083376;9,409592177;12,31952615;15,74192838;19,71112645;24,26062328;1;1;1;30,3
122;46,68;24,47411113;13,90217377;16,8461383;20,06277688;23,55056853;27,30812591;1;1;1;30,3
122;61,17;29,10031506;18,97707576;21,61992968;24,34276235;27,14077671;30,0098276;1;1;1;30,3
122;69,84;29,29929158;21,61308979;23,99624261;26,39190278;28,79904654;31,21680907;1;1;1;30,3
122;82,19;31,0900802;24,81936148;26,81065569;28,76073398;30,67390635;32,55372702;1;1;1;30,3
122;86,53;32,53265992;25,79898954;27,65582053;29,4609564;31,22012657;32,938024;1;1;1;30,3
123;22,17;14,18702539;4,539152023;6,866932227;10,00755772;14,13701131;19,45007857;1;0;1;30,3
123;35,05;20,69355738;9,409592177;12,31952615;15,74192838;19,71112645;24,26062328;1;0;1;30,3
123;46,68;26,26489975;13,90217377;16,8461383;20,06277688;23,55056853;27,30812591;1;0;1;30,3
123;61,17;28,78195264;18,97707576;21,61992968;24,34276235;27,14077671;30,0098276;1;0;1;30,3
123;69,84;30,17478823;21,61308979;23,99624261;26,39190278;28,79904654;31,21680907;1;0;1;30,3
123;82,19;31,53777735;24,81936148;26,81065569;28,76073398;30,67390635;32,55372702;1;0;1;30,3
123;86,53;32,18445102;25,79898954;27,65582053;29,4609564;31,22012657;32,938024;1;0;1;30,3
124;22,17;13,68958411;4,539152023;6,866932227;10,00755772;14,13701131;19,45007857;2;1;2;28
124;35,05;19,00225702;9,409592177;12,31952615;15,74192838;19,71112645;24,26062328;2;1;2;28
124;46,68;23,35984266;13,90217377;16,8461383;20,06277688;23,55056853;27,30812591;2;1;2;28
124;61,17;28,12533015;18,97707576;21,61992968;24,34276235;27,14077671;30,0098276;1;1;1;30,3
124;69,84;30,76176895;21,61308979;23,99624261;26,39190278;28,79904654;31,21680907;1;1;1;30,3
124;82,19;32,13470689;24,81936148;26,81065569;28,76073398;30,67390635;32,55372702;1;1;1;30,3
124;86,53;32,48291579;25,79898954;27,65582053;29,4609564;31,22012657;32,938024;1;1;1;30,3
125;22,17;14,00794653;4,539152023;6,866932227;10,00755772;14,13701131;19,45007857;2;1;2;28
125;35,05;19,81806072;9,409592177;12,31952615;15,74192838;19,71112645;24,26062328;1;1;1;30,3
125;46,68;24,37462287;13,90217377;16,8461383;20,06277688;23,55056853;27,30812591;1;1;1;30,3
125;61,17;28,33425549;18,97707576;21,61992968;24,34276235;27,14077671;30,0098276;1;1;1;30,3
125;69,84;31,21941493;21,61308979;23,99624261;26,39190278;28,79904654;31,21680907;1;1;1;30,3
126;22,17;15,42067978;4,539152023;6,866932227;10,00755772;14,13701131;19,45007857;1;0;1;30,3
126;35,05;20,49458086;9,409592177;12,31952615;15,74192838;19,71112645;24,26062328;1;0;1;30,3
126;46,68;24,27513462;13,90217377;16,8461383;20,06277688;23,55056853;27,30812591;1;0;1;30,3
126;61,17;28,33425549;18,97707576;21,61992968;24,34276235;27,14077671;30,0098276;1;0;1;30,3
126;69,84;30,34391827;21,61308979;23,99624261;26,39190278;28,79904654;31,21680907;1;0;1;30,3
126;82,19;31,07018254;24,81936148;26,81065569;28,76073398;30,67390635;32,55372702;1;0;1;30,3
126;86,53;32,63214817;25,79898954;27,65582053;29,4609564;31,22012657;32,938024;1;0;1;30,3
127;46,81;17,75865381;13,9508852;16,89344662;20,1064301;23,58815738;27,33709858;3;0;3;25,7
127;58,41;20,79304563;18,07176228;20,78902277;23,61448565;26,54256456;29,56839101;3;0;3;25,7
127;67,81;24,19554401;21,02456526;23,47093455;25,94300819;28,43880051;30,95662598;3;0;3;25,7
128;46,81;17,9874768;13,9508852;16,89344662;20,1064301;23,58815738;27,33709858;3;1;3;25,7
128;58,41;20,69355738;18,07176228;20,78902277;23,61448565;26,54256456;29,56839101;4;1;4;23,4
128;67,81;24,7725759;21,02456526;23,47093455;25,94300819;28,43880051;30,95662598;3;1;3;25,7
129;24,01;15,11226618;5,194176883;7,65065958;10,88192072;15,03315645;20,26138834;1;1;1;30,3
129;37,02;21,29048692;10,1816095;13,12352428;16,53247402;20,43270866;24,84757469;1;1;1;30,3
129;49,67;24,32487874;15,00993136;17,91411923;21,04170179;24,38837699;27,95027271;2;1;2;28
129;61,27;27,52840061;19,00928844;21,64934803;24,36843038;27,16177299;30,02526174;1;1;1;30,3
129;70,66;29,47837044;21,84583109;24,20319839;26,56814507;28,94003725;31,31834048;1;1;1;30,3
130;37,02;19,86780485;10,1816095;13,12352428;16,53247402;20,43270866;24,84757469;2;0;2;28
130;49,67;23,08127554;15,00993136;17,91411923;21,04170179;24,38837699;27,95027271;2;0;2;28
130;61,27;26,01617911;19,00928844;21,64934803;24,36843038;27,16177299;30,02526174;2;0;2;28
130;70,66;28,77200382;21,84583109;24,20319839;26,56814507;28,94003725;31,31834048;2;0;2;28
131;25,1;12,95337101;5,591667947;8,116609775;11,39214141;15,54719334;20,71943576;2;0;2;28
131;38,11;19,30072179;10,60819661;13,56256371;16,95954566;20,81869068;25,15868537;2;0;2;28
131;50,76;22,15603475;15,4067758;18,29286591;21,38568257;24,68029084;28,17226901;2;0;2;28
131;62,35;25,94653733;19,3545308;21,96402551;24,64250392;27,38559777;30,1895453;2;0;2;28
131;71,75;27,09065228;22,15077187;24,47369464;26,79798795;29,12353403;31,45023381;2;0;2;28
132;38,11;19,22113118;10,60819661;13,56256371;16,95954566;20,81869068;25,15868537;2;0;2;28
132;50,76;22,8325549;15,4067758;18,29286591;21,38568257;24,68029084;28,17226901;2;0;2;28
132;62,35;26,2847974;19,3545308;21,96402551;24,64250392;27,38559777;30,1895453;2;0;2;28
132;71,75;28,1054325;22,15077187;24,47369464;26,79798795;29,12353403;31,45023381;2;0;2;28
133;27,86;15,97781401;6,62332664;9,296752556;12,65607972;16,79502378;21,81077225;2;1;2;28
133;41,13;21,35017987;11,78409104;14,75520878;18,10437385;21,84086644;25,97339752;2;1;2;28
133;51,68;26,56336452;15,73861639;18,60808951;21,67075061;24,92126297;28,35486258;1;1;1;30,3
133;64,32;28,03579072;19,97166993;22,52377579;25,12785776;27,78034875;30,47819372;1;1;1;30,3
133;73,36;29,89622112;22,59195715;24,86374414;27,12841327;29,38659935;31,63883454;1;1;1;30,3
134;27,86;13,72937941;6,62332664;9,296752556;12,65607972;16,79502378;21,81077225;2;1;2;28
134;41,13;21,7481329;11,78409104;14,75520878;18,10437385;21,84086644;25,97339752;2;1;2;28
134;51,68;25,36950544;15,73861639;18,60808951;21,67075061;24,92126297;28,35486258;1;1;1;30,3
134;64,32;28,33425549;19,97166993;22,52377579;25,12785776;27,78034875;30,47819372;1;1;1;30,3
134;73,36;29,82657934;22,59195715;24,86374414;27,12841327;29,38659935;31,63883454;1;1;1;30,3
135;41,13;21,76803055;11,78409104;14,75520878;18,10437385;21,84086644;25,97339752;2;1;2;28
135;51,68;25,05114302;15,73861639;18,60808951;21,67075061;24,92126297;28,35486258;1;1;1;30,3
135;64,32;27,90645598;19,97166993;22,52377579;25,12785776;27,78034875;30,47819372;1;1;1;30,3
135;73,36;30,02555585;22,59195715;24,86374414;27,12841327;29,38659935;31,63883454;1;1;1;30,3
136;27,73;13,09265457;6,574048524;9,24125551;12,59748545;16,73793342;21,76144852;2;1;2;28
136;41;19,51959595;11,73372595;14,704626;18,05625296;21,79825444;25,93969302;2;1;2;28
136;51,54;25,28991483;15,68830668;18,56038447;21,62767941;24,88490864;28,32735357;1;1;1;30,3
136;64,19;27,04090815;19,93144989;22,48740142;25,096401;27,75482604;30,45957284;2;1;2;28
136;73,23;29,86637464;22,55674097;24,83266553;27,10212841;29,36570423;31,62387484;1;1;1;30,3
137;27,73;11,79930724;6,574048524;9,24125551;12,59748545;16,73793342;21,76144852;3;1;3;25,7
137;41;17,03238953;11,73372595;14,704626;18,05625296;21,79825444;25,93969302;3;1;3;25,7
137;51,54;22,64352721;15,68830668;18,56038447;21,62767941;24,88490864;28,32735357;2;1;2;28
137;64,19;24,80242238;19,93144989;22,48740142;25,096401;27,75482604;30,45957284;3;1;3;25,7
137;73,23;27,01106167;22,55674097;24,83266553;27,10212841;29,36570423;31,62387484;3;1;3;25,7
138;41;17,82829559;11,73372595;14,704626;18,05625296;21,79825444;25,93969302;3;1;3;25,7
138;51,54;22,98178728;15,68830668;18,56038447;21,62767941;24,88490864;28,32735357;2;1;2;28
138;64,19;25,81720259;19,93144989;22,48740142;25,096401;27,75482604;30,45957284;2;1;2;28
138;73,23;28,80185029;22,55674097;24,83266553;27,10212841;29,36570423;31,62387484;2;1;2;28
139;28,78;15,79873515;6,973673046;9,688996462;13,06800478;17,19441409;22,1542727;2;0;2;28
139;42,05;21,88741646;12,13970523;15,11115328;18,44195413;22,13895866;26,20856451;2;0;2;28
139;52,6;24,57359939;16,06751249;18,91921845;21,9510523;25,15738449;28,53320764;2;0;2;28
139;65,24;27,65773534;20,25425584;22,77893471;25,34820061;27,9588881;30,60829273;2;0;2;28
139;74,28;29,29929158;22,83914024;25,08161632;27,31247268;29,53276651;31,7433823;2;0;2;28
140;25,76;14,02784418;5,835328834;8,398974688;11,69811759;15,85251263;20,98909562;2;1;2;28
140;39,03;22,90219668;10,96754285;13,92968672;17,31427679;21,13732776;25,41406034;1;1;1;30,3
140;49,57;25,94653733;14,97332867;17,87908648;21,00980254;24,36124208;27,9295919;1;1;1;30,3
140;62,22;27,37916822;19,3132318;21,92644175;24,6098164;27,35893813;30,17000125;1;1;1;30,3
140;71,25;28,80185029;22,01151854;24,35026285;26,69317821;29,03991058;31,39016181;2;1;2;28
141;39,03;20,25580905;10,96754285;13,92968672;17,31427679;21,13732776;25,41406034;2;1;2;28
141;49,57;25,62817491;14,97332867;17,87908648;21,00980254;24,36124208;27,9295919;1;1;1;30,3
141;62,22;26,88172694;19,3132318;21,92644175;24,6098164;27,35893813;30,17000125;2;1;2;28
141;71,25;27,04090815;22,01151854;24,35026285;26,69317821;29,03991058;31,39016181;2;1;2;28
142;27,69;13,76917472;6,558898015;9,224176443;12,57943731;16,72033428;21,74623222;2;1;2;28
142;40,97;22,00680237;11,7220994;14,69294309;18,04513337;21,78840353;25,93189817;1;1;1;30,3
142;51,51;24,17564636;15,67751719;18,55014962;21,61843549;24,87710378;28,32144594;2;1;2;28
142;64,16;27,53834943;19,92215818;22,47899607;25,08913039;27,74892576;30,45526728;2;1;2;28
142;73,19;28,12533015;22,54589085;24,82308826;27,09402689;29,35926286;31,61926247;2;1;2;28
143;40,97;20,09662784;11,7220994;14,69294309;18,04513337;21,78840353;25,93189817;2;0;2;28
143;51,51;23,49912621;15,67751719;18,55014962;21,61843549;24,87710378;28,32144594;2;0;2;28
143;64,16;27,33937292;19,92215818;22,47899607;25,08913039;27,74892576;30,45526728;2;0;2;28
143;73,19;28,70236204;22,54589085;24,82308826;27,09402689;29,35926286;31,61926247;2;0;2;28
144;28,75;13,4906076;6,962206634;9,676221632;13,05464882;17,18151763;22,14322301;2;0;2;28
144;42,02;20,05683254;12,12813277;15,09960292;18,43102797;22,12933345;26,20098776;2;0;2;28
144;52,56;24,37462287;16,05327504;18,90577644;21,93896369;25,14721788;28,52554028;2;0;2;28
144;65,21;27,33937292;20,24509776;22,77067661;25,34107803;27,9531233;30,60409636;2;0;2;28
144;74,24;28,00594424;22,82846735;25,0722187;27,30454097;29,52647311;31,73888446;2;0;2;28
145;42,02;20,71345503;12,12813277;15,09960292;18,43102797;22,12933345;26,20098776;2;0;2;28
145;52,56;24,87206416;16,05327504;18,90577644;21,93896369;25,14721788;28,52554028;2;0;2;28
145;65,21;27,30952644;20,24509776;22,77067661;25,34107803;27,9531233;30,60409636;2;0;2;28
145;74,24;28,62277143;22,82846735;25,0722187;27,30454097;29,52647311;31,73888446;2;0;2;28
146;27,69;12,63500859;6,558898015;9,224176443;12,57943731;16,72033428;21,74623222;2;1;2;28
146;40,97;17,50993317;11,7220994;14,69294309;18,04513337;21,78840353;25,93189817;3;1;3;25,7
146;51,51;22,94199198;15,67751719;18,55014962;21,61843549;24,87710378;28,32144594;2;1;2;28
146;64,16;24,05626045;19,92215818;22,47899607;25,08913039;27,74892576;30,45526728;3;1;3;25,7
146;73,19;26,19525797;22,54589085;24,82308826;27,09402689;29,35926286;31,61926247;3;1;3;25,7
147;40,97;15,91812106;11,7220994;14,69294309;18,04513337;21,78840353;25,93189817;3;2;3;25,7
147;51,51;22,38485774;15,67751719;18,55014962;21,61843549;24,87710378;28,32144594;2;2;3;25,7
147;64,16;23,40958678;19,92215818;22,47899607;25,08913039;27,74892576;30,45526728;3;2;3;25,7
147;73,19;24,50395761;22,54589085;24,82308826;27,09402689;29,35926286;31,61926247;4;2;3;25,7
148;24,87;14,98293145;5,507265416;8,018235494;11,28498158;15,43974928;20,62411938;2;1;2;28
148;38,14;20,15632079;10,61992618;13,57458564;16,97119573;20,82918336;25,1671156;2;1;2;28
148;48,69;25,92663968;14,64985199;17,56874014;20,72659712;24,11985157;27,74527547;1;1;1;30,3
148;61,33;28,15517662;19,0285961;21,66697609;24,38380742;27,17434847;30,03450393;1;1;1;30,3
148;70,37;28,70236204;21,76384785;24,13034822;26,50614511;28,89046686;31,28266237;2;1;2;28
149;24,87;12,85388276;5,507265416;8,018235494;11,28498158;15,43974928;20,62411938;2;1;2;28
149;38,14;21,25069162;10,61992618;13,57458564;16,97119573;20,82918336;25,1671156;1;1;1;30,3
149;48,69;24,19554401;14,64985199;17,56874014;20,72659712;24,11985157;27,74527547;1;1;1;30,3
149;61,33;27,09065228;19,0285961;21,66697609;24,38380742;27,17434847;30,03450393;2;1;2;28
149;70,37;29,77683521;21,76384785;24,13034822;26,50614511;28,89046686;31,28266237;1;1;1;30,3
150;24,87;13,5304029;5,507265416;8,018235494;11,28498158;15,43974928;20,62411938;2;1;2;28
150;38,14;20,95222685;10,61992618;13,57458564;16,97119573;20,82918336;25,1671156;1;1;1;30,3
150;48,69;24,43431583;14,64985199;17,56874014;20,72659712;24,11985157;27,74527547;1;1;1;30,3
150;61,33;26,69269925;19,0285961;21,66697609;24,38380742;27,17434847;30,03450393;2;1;2;28
150;70,37;29,02072446;21,76384785;24,13034822;26,50614511;28,89046686;31,28266237;1;1;1;30,3
151;25,13;14,42579721;5,602696893;8,129442593;11,40609869;15,56116778;20,7318166;2;1;2;28
151;38,76;21,90731411;10,86216522;13,82227912;17,21071469;21,04448432;25,33978402;1;1;1;30,3
151;49,21;24,72283177;14,84129337;17,75257283;20,89448757;24,26305843;27,85469685;1;1;1;30,3
151;61,33;27,68758182;19,0285961;21,66697609;24,38380742;27,17434847;30,03450393;1;1;1;30,3
151;72,9;28,93118503;22,46702501;24,75344683;27,03509536;29,31239196;31,58569016;2;1;2;28
151;81,18;31,13982432;24,58073189;26,60378642;28,5885901;30,53908285;32,45851919;1;1;1;30,3
152;25,13;14,07758831;5,602696893;8,129442593;11,40609869;15,56116778;20,7318166;2;1;2;28
152;38,76;21,34023105;10,86216522;13,82227912;17,21071469;21,04448432;25,33978402;1;1;1;30,3
152;49,21;26,06592324;14,84129337;17,75257283;20,89448757;24,26305843;27,85469685;1;1;1;30,3
152;61,33;27,23988466;19,0285961;21,66697609;24,38380742;27,17434847;30,03450393;1;1;1;30,3
152;72,9;29,19980332;22,46702501;24,75344683;27,03509536;29,31239196;31,58569016;2;1;2;28
152;81,18;31,1696708;24,58073189;26,60378642;28,5885901;30,53908285;32,45851919;1;1;1;30,3
153;38,76;22,60373191;10,86216522;13,82227912;17,21071469;21,04448432;25,33978402;1;1;1;30,3
153;49,21;24,37462287;14,84129337;17,75257283;20,89448757;24,26305843;27,85469685;1;1;1;30,3
153;61,33;27,55824709;19,0285961;21,66697609;24,38380742;27,17434847;30,03450393;1;1;1;30,3
153;72,9;29,24954745;22,46702501;24,75344683;27,03509536;29,31239196;31,58569016;2;1;2;28
153;81,18;31,21941493;24,58073189;26,60378642;28,5885901;30,53908285;32,45851919;1;1;1;30,3
154;24,93;12,00823257;5,529257208;8,043896359;11,31296252;15,46783054;20,64905238;2;1;2;28
154;38,57;19,54944243;10,78796744;13,7465281;17,13756692;20,9788177;25,28718329;2;1;2;28
154;49,01;22,68332251;14,76776245;17,68202028;20,8300999;24,20817351;27,81278607;2;1;2;28
154;61,14;26,46387626;18,96740386;21,61109485;24,33505226;27,13446877;30,00518992;2;1;2;28
154;72,7;29,3490357;22,41242733;24,70520669;26,99425203;29,27989146;31,5624004;1;1;1;30,3
154;80,98;29,57785869;24,5329933;26,56235389;28,55407636;30,51202563;32,43939533;2;1;2;28
155;24,93;14,49543899;5,529257208;8,043896359;11,31296252;15,46783054;20,64905238;2;1;2;28
155;38,57;21,16115218;10,78796744;13,7465281;17,13756692;20,9788177;25,28718329;1;1;1;30,3
155;49,01;26,6330063;14,76776245;17,68202028;20,8300999;24,20817351;27,81278607;1;1;1;30,3
155;61,14;28,35415314;18,96740386;21,61109485;24,33505226;27,13446877;30,00518992;1;1;1;30,3
155;72,7;29,89622112;22,41242733;24,70520669;26,99425203;29,27989146;31,5624004;1;1;1;30,3
155;80,98;30,67222952;24,5329933;26,56235389;28,55407636;30,51202563;32,43939533;1;1;1;30,3
156;25,72;12,7941898;5,820501908;8,381860312;11,67963872;15,83413426;20,97291325;2;0;2;28
156;38,47;18,78338285;10,74890245;13,70660385;17,09897823;20,94414559;25,25938775;2;0;2;28
156;62,98;26,41413213;19,55366799;22,14502605;24,7997488;27,51371394;30,28337785;2;0;2;28
156;79,3;29,86637464;24,12560521;26,20812584;28,25850377;30,27995197;32,27513312;2;0;2;28
157;38,47;22,24557418;10,74890245;13,70660385;17,09897823;20,94414559;25,25938775;1;0;1;30,3
157;62,98;28,80185029;19,55366799;22,14502605;24,7997488;27,51371394;30,28337785;1;0;1;30,3
157;79,3;31,68700974;24,12560521;26,20812584;28,25850377;30,27995197;32,27513312;1;0;1;30,3
158;24,84;12,93347336;5,496276544;8,005405648;11,2709842;15,42569476;20,61163483;2;0;2;28
158;40,6;20,63386442;11,57859027;14,54854821;17,90753606;21,66637105;25,83523795;2;0;2;28
158;48,65;22,5241413;14,63509079;17,5545459;20,71361743;24,10876736;27,73679718;2;0;2;28
158;61,47;25,79730494;19,07358911;21,70804134;24,41961791;27,20362646;30,05601585;2;0;2;28
158;75;29,44852396;23,03010186;25,2496137;27,45415209;29,64509984;31,82361223;2;0;2;28
159;40,6;19,18133588;11,57859027;14,54854821;17,90753606;21,66637105;25,83523795;2;1;2;28
159;48,65;22,92209433;14,63509079;17,5545459;20,71361743;24,10876736;27,73679718;2;1;2;28
159;61,47;26,88172694;19,07358911;21,70804134;24,41961791;27,20362646;30,05601585;2;1;2;28
159;75;30,86125721;23,03010186;25,2496137;27,45415209;29,64509984;31,82361223;1;1;1;30,3
160;25,79;11,56053542;5,846453929;8,411810466;11,71197119;15,86628582;21,00121895;3;1;3;25,7
160;41,56;18,56450869;11,95048477;14,92201832;18,26280265;21,98094584;26,08404019;2;1;2;28
160;49,61;20,39509261;14,98797362;17,89310532;21,02256915;24,37210324;27,93787064;3;1;3;25,7
160;62,42;24,92180828;19,3767394;21,98422967;24,66007077;27,39992123;30,20004312;2;1;2;28
160;75,95;28,12533015;23,27873907;25,46793773;27,63795774;29,79060411;31,927382;2;1;2;28
161;41,56;21,27058927;11,95048477;14,92201832;18,26280265;21,98094584;26,08404019;2;1;2;28
161;49,61;23,59861447;14,98797362;17,89310532;21,02256915;24,37210324;27,93787064;2;1;2;28
161;62,42;27,58809356;19,3767394;21,98422967;24,66007077;27,39992123;30,20004312;1;1;1;30,3
161;75,95;30,64238304;23,27873907;25,46793773;27,63795774;29,79060411;31,927382;1;1;1;30,3
162;41,56;20,09662784;11,95048477;14,92201832;18,26280265;21,98094584;26,08404019;2;0;2;28
162;49,61;22,62362956;14,98797362;17,89310532;21,02256915;24,37210324;27,93787064;2;0;2;28
162;62,42;26,01617911;19,3767394;21,98422967;24,66007077;27,39992123;30,20004312;2;0;2;28
162;75,95;29,00082681;23,27873907;25,46793773;27,63795774;29,79060411;31,927382;2;0;2;28
163;25,3;15,32119152;5,665279584;8,202166705;11,48510182;15,64018251;20,80175079;2;0;2;28
163;38,01;20,39509261;10,56909298;13,52246635;16,92067178;20,7836649;25,13053398;2;0;2;28
163;49,84;23,03153141;15,07208165;17,97356508;21,09579841;24,43436893;27,98530778;2;0;2;28
163;61,1;25,86694672;18,95450218;21,59930837;24,32476521;27,12605166;29,99900099;2;0;2;28
164;38,01;21,34023105;10,56909298;13,52246635;16,92067178;20,7836649;25,13053398;1;1;1;30,3
164;49,84;23,35984266;15,07208165;17,97356508;21,09579841;24,43436893;27,98530778;2;1;2;28
164;61,1;26,88172694;18,95450218;21,59930837;24,32476521;27,12605166;29,99900099;2;1;2;28
165;23,65;13,99799771;5,064357125;7,496968747;10,71210882;14,86066084;20,10651003;2;0;2;28
165;36,37;19,25097766;9,926946535;12,85969336;16,27429124;20,19807984;24,65749592;2;0;2;28
165;48,19;22,73306664;14,46498382;17,39076689;20,56368106;23,98059224;27,63866132;2;0;2;28
165;59,46;25,38940309;18,41984658;21,10945331;23,89609987;26,77445912;29,73990388;2;0;2;28
166;36,37;18,7236899;9,926946535;12,85969336;16,27429124;20,19807984;24,65749592;2;0;2;28
166;48,19;21,76803055;14,46498382;17,39076689;20,56368106;23,98059224;27,63866132;2;0;2;28
166;59,46;25,02129654;18,41984658;21,10945331;23,89609987;26,77445912;29,73990388;2;0;2;28
167;23,62;13,31152874;5,053573438;7,484167274;10,69792942;14,84622455;20,0935209;2;1;2;28
167;36,33;20,41499026;9,911270906;12,84340987;16,25831752;20,18353098;24,64568524;1;1;1;30,3
167;48,16;22,86240137;14,45386751;17,38005085;20,55385971;23,97218765;27,63222031;2;1;2;28
167;59,43;25,49884017;18,40996348;21,10037203;23,88813198;26,76790802;29,73506544;2;1;2;28
168;36,33;18,53466221;9,911270906;12,84340987;16,25831752;20,18353098;24,64568524;2;0;2;28
168;48,16;21,29048692;14,45386751;17,38005085;20,55385971;23,97218765;27,63222031;2;0;2;28
168;59,43;24,87206416;18,40996348;21,10037203;23,88813198;26,76790802;29,73506544;2;0;2;28
169;20,76;12,48577621;4,053023816;6,27075969;9,327353504;13,42538025;18,79347211;2;1;2;28
169;32,33;18,16655566;8,345836293;11,18979215;14,61109947;18,66189385;23,39412546;2;1;2;28
169;45,57;24,0761581;13,48437763;16,43901198;19,68595533;23,22518366;27,0566749;1;1;1;30,3
169;70,66;30,44340653;21,84583109;24,20319839;26,56814507;28,94003725;31,31834048;1;1;1;30,3
170;20,76;11,26207065;4,053023816;6,27075969;9,327353504;13,42538025;18,79347211;2;1;2;28
170;32,33;16,61453886;8,345836293;11,18979215;14,61109947;18,66189385;23,39412546;2;1;2;28
170;45,57;24,02641397;13,48437763;16,43901198;19,68595533;23,22518366;27,0566749;1;1;1;30,3
170;70,66;30,51304831;21,84583109;24,20319839;26,56814507;28,94003725;31,31834048;1;1;1;30,3
171;20,76;11,07304296;4,053023816;6,27075969;9,327353504;13,42538025;18,79347211;2;1;2;28
171;32,33;17,23136605;8,345836293;11,18979215;14,61109947;18,66189385;23,39412546;2;1;2;28
171;45,57;23,84733511;13,48437763;16,43901198;19,68595533;23,22518366;27,0566749;1;1;1;30,3
171;70,66;29,82657934;21,84583109;24,20319839;26,56814507;28,94003725;31,31834048;1;1;1;30,3
172;20,5;11,07304296;3,965062956;6,161411531;9,201045175;13,29173764;18,66887516;2;1;2;28
172;32,06;16,91300363;8,240638746;11,07656714;14,49638336;18,5542695;23,30433354;2;1;2;28
172;45,3;23,59861447;13,38226048;16,33912475;19,5931841;23,14482235;26,99439191;1;1;1;30,3
172;70,4;29,15005919;21,7723455;24,13790174;26,51257558;28,8956096;31,28636479;1;1;1;30,3
173;20,66;13,33142639;4,01912785;6,22867834;9,27880435;13,37406938;18,74568361;2;1;2;28
173;33,25;19,75836777;8,704957935;11,57421408;14,99865677;19,02384309;23,69483855;1;1;1;30,3
173;44,91;24,01646515;13,23443263;16,19425674;19,45840941;23,02789558;26,90363974;1;1;1;30,3
173;57,69;27,38911705;17,83050609;20,56621568;23,41809352;26,38041013;29,44816062;1;1;1;30,3
173;69,38;29,53806339;21,48127156;23,87883276;26,29176532;28,71882671;31,15896617;1;1;1;30,3
174;20,66;13,25183578;4,01912785;6,22867834;9,27880435;13,37406938;18,74568361;2;1;2;28
174;33,25;19,47980065;8,704957935;11,57421408;14,99865677;19,02384309;23,69483855;1;1;1;30,3
174;44,91;21,31038457;13,23443263;16,19425674;19,45840941;23,02789558;26,90363974;2;1;2;28
174;57,69;26,26489975;17,83050609;20,56621568;23,41809352;26,38041013;29,44816062;2;1;2;28
174;69,38;28,63272026;21,48127156;23,87883276;26,29176532;28,71882671;31,15896617;2;1;2;28
175;20,66;12,49572503;4,01912785;6,22867834;9,27880435;13,37406938;18,74568361;2;0;2;28
175;33,25;17,90788619;8,704957935;11,57421408;14,99865677;19,02384309;23,69483855;2;0;2;28
175;44,91;20,33539965;13,23443263;16,19425674;19,45840941;23,02789558;26,90363974;2;0;2;28
175;57,69;25,92663968;17,83050609;20,56621568;23,41809352;26,38041013;29,44816062;2;0;2;28
175;69,38;28,71231086;21,48127156;23,87883276;26,29176532;28,71882671;31,15896617;2;0;2;28
176;33,25;18,26604392;8,704957935;11,57421408;14,99865677;19,02384309;23,69483855;2;1;2;28
176;44,91;22,46444835;13,23443263;16,19425674;19,45840941;23,02789558;26,90363974;2;1;2;28
176;57,69;27,04090815;17,83050609;20,56621568;23,41809352;26,38041013;29,44816062;1;1;1;30,3
176;69,38;28,99087798;21,48127156;23,87883276;26,29176532;28,71882671;31,15896617;1;1;1;30,3
177;24,08;14,98293145;5,219507186;7,680558294;10,91486603;15,06653916;20,29129268;2;1;2;28
177;36,1;21,40987283;9,821130117;12,74967425;16,16627627;20,09962554;24,57751545;1;1;1;30,3
177;48,52;23,79759098;14,58708277;17,50836218;20,67136916;24,07267592;27,70918189;2;1;2;28
177;60,02;27,80696773;18,60365565;21,2781744;24,04399546;26,89595177;29,82956297;1;1;1;30,3
177;71,68;30,7418713;22,1313404;24,45648017;26,78337776;29,11188238;31,44186717;1;1;1;30,3
178;22,31;12,0181814;4,58821216;6,926374143;10,07463288;14,20647579;19,51357141;2;1;2;28
178;34,03;19,87775367;9,010063018;11,898347;15,32318645;19,3250168;23,9435995;1;1;1;30,3
178;45,01;23,24045675;13,27237334;16,23146826;19,49305411;23,05797288;26,92699882;1;1;1;30,3
178;59,1;25,91669085;18,30100735;21,00019141;23,80018251;26,69555832;29,68160369;2;1;2;28
179;34,03;20,25580905;9,010063018;11,898347;15,32318645;19,3250168;23,9435995;1;0;1;30,3
179;45,01;25,27001718;13,27237334;16,23146826;19,49305411;23,05797288;26,92699882;1;0;1;30,3
179;59,1;27,68758182;18,30100735;21,00019141;23,80018251;26,69555832;29,68160369;1;0;1;30,3
180;34,03;19,18133588;9,010063018;11,898347;15,32318645;19,3250168;23,9435995;2;1;2;28
180;45,01;22,26547183;13,27237334;16,23146826;19,49305411;23,05797288;26,92699882;2;1;2;28
180;59,1;27,11054993;18,30100735;21,00019141;23,80018251;26,69555832;29,68160369;1;1;1;30,3
181;23,32;14,98293145;4,946037052;7,356210629;10,55589799;14,70133733;19,9629225;1;0;1;30,3
181;35,05;19,97724193;9,409592177;12,31952615;15,74192838;19,71112645;24,26062328;1;0;1;30,3
181;46,02;25,03124537;13,65415228;16,60474825;19,8396054;23,35805874;27,15949984;1;0;1;30,3
181;60,12;27,7572236;18,63634343;21,30814431;24,0702385;26,91748898;29,84544282;1;0;1;30,3
182;22,93;12,15746496;4,807078061;7,190043724;10,37062035;14,51155145;19,79119887;2;1;2;28
182;34,66;17,62931907;9,256780162;12,15886037;15,58257824;19,56452056;24,14049653;2;1;2;28
182;45,63;23,57871682;13,50704486;16,46116385;19,7065119;23,24297673;27,07045542;1;1;1;30,3
182;59,72;26,88172694;18,50534614;21,18797595;23,96496329;26,83105359;29,78168637;1;1;1;30,3
183;34,66;19,75836777;9,256780162;12,15886037;15,58257824;19,56452056;24,14049653;1;1;1;30,3
183;45,63;23,93687454;13,50704486;16,46116385;19,7065119;23,24297673;27,07045542;1;1;1;30,3
183;59,72;26,61310865;18,50534614;21,18797595;23,96496329;26,83105359;29,78168637;2;1;2;28
184;34,66;19,5394936;9,256780162;12,15886037;15,58257824;19,56452056;24,14049653;2;1;2;28
184;45,63;23,9567722;13,50704486;16,46116385;19,7065119;23,24297673;27,07045542;1;1;1;30,3
184;59,72;26,6330063;18,50534614;21,18797595;23,96496329;26,83105359;29,78168637;2;1;2;28
185;34,66;19,61908421;9,256780162;12,15886037;15,58257824;19,56452056;24,14049653;1;0;1;30,3
185;45,63;24,53380408;13,50704486;16,46116385;19,7065119;23,24297673;27,07045542;1;0;1;30,3
185;59,72;27,53834943;18,50534614;21,18797595;23,96496329;26,83105359;29,78168637;1;0;1;30,3
186;35,12;17,76860263;9,437024456;12,34831334;15,77043031;19,73730716;24,28204381;2;0;2;28
186;46,09;22,94199198;13,68051355;16,63044572;19,86339793;23,37860975;27,17538565;2;0;2;28
186;60,18;26,49372274;18,65593637;21,32610318;24,08596013;26,93038846;29,85495184;2;0;2;28
187;35,12;19,81806072;9,437024456;12,34831334;15,77043031;19,73730716;24,28204381;1;0;1;30,3
187;46,09;24,8123712;13,68051355;16,63044572;19,86339793;23,37860975;27,17538565;1;0;1;30,3
187;60,18;27,45875883;18,65593637;21,32610318;24,08596013;26,93038846;29,85495184;1;0;1;30,3
188;25,33;13,41101699;5,676338505;8,215001105;11,49902795;15,65409566;20,81405274;2;1;2;28
188;36,43;16,77372007;9,950459292;12,88410833;16,29823322;20,21987907;24,6751871;2;1;2;28
188;50,2;21,15120336;15,20338265;18,09899313;21,20980803;24,53119515;28,05899447;3;1;3;25,7
188;63,07;23,9965675;19,58198001;22,17072978;24,82205552;27,53187092;30,29666421;3;1;3;25,7
189;25,43;13,25183578;5,713233499;8,257783703;11,54541448;15,70040664;20,85497435;2;0;2;28
189;36,53;16,99259423;9,989645214;12,92477247;16,33808694;20,25614708;24,70460626;2;0;2;28
189;50,3;24,09605575;15,23977945;18,13372387;21,24134556;24,55795489;28,07934197;2;0;2;28
189;63,17;25,76745847;19,61339783;22,19924455;24,84679496;27,552003;30,3113924;2;0;2;28
190;25,43;15,44057743;5,713233499;8,257783703;11,54541448;15,70040664;20,85497435;2;1;2;28
190;50,3;25,13073362;15,23977945;18,13372387;21,24134556;24,55795489;28,07934197;1;1;1;30,3
190;63,17;27,20008936;19,61339783;22,19924455;24,84679496;27,552003;30,3113924;2;1;2;28
191;36,53;15,7390422;9,989645214;12,92477247;16,33808694;20,25614708;24,70460626;3;0;3;25,7
191;50,3;20,07673019;15,23977945;18,13372387;21,24134556;24,55795489;28,07934197;3;0;3;25,7
191;63,17;22,20577888;19,61339783;22,19924455;24,84679496;27,552003;30,3113924;3;0;3;25,7
192;24,38;11,242173;5,328379825;7,808741202;11,0557853;15,20902792;20,41868583;2;0;2;28
192;35,48;17,3308543;9,578118564;12,49611548;15,91653343;19,87131436;24,39153716;2;0;2;28
192;49,24;21,68843994;14,85231209;17,76313926;20,90412575;24,27127026;27,86096477;2;0;2;28
192;62,12;26,2450021;19,2814152;21,89747648;24,584616;27,33837848;30,15492471;2;0;2;28
193;24,67;10,56565285;5,434095641;7,932711355;11,191579;15,34587723;20,54066099;3;1;3;25,7
193;36,83;16,11709757;10,10718485;13,04655704;16,45727615;20,36447242;24,79237055;3;1;3;25,7
193;48,62;21,60884934;14,62401664;17,54389524;20,70387656;24,10044776;27,73043269;2;1;2;28
193;61,01;23,74784686;18,92544914;21,57276081;24,30159026;27,10708592;29,9850535;3;1;3;25,7
193;73,65;26,593211;22,67025899;24,93281187;27,18680114;29,43299544;31,67203872;3;1;3;25,7
194;36,83;16,37576704;10,10718485;13,04655704;16,45727615;20,36447242;24,79237055;3;1;3;25,7
194;48,62;21,0119198;14,62401664;17,54389524;20,70387656;24,10044776;27,73043269;2;1;2;28
194;61,01;23,57871682;18,92544914;21,57276081;24,30159026;27,10708592;29,9850535;3;1;3;25,7
194;73,65;25,5485843;22,67025899;24,93281187;27,18680114;29,43299544;31,67203872;3;1;3;25,7
195;24,7;14,266616;5,445057627;7,945538689;11,20560237;15,35998435;20,55321404;2;2;2;28
195;37,58;17,37064961;10,4008652;13,34962625;16,7528074;20,63217044;25,00858919;2;2;2;28
195;47,8;20,39509261;14,32026104;17,25112701;20,43559259;23,87089691;27,55453464;3;2;2;28
195;60,45;26,88172694;18,74392125;21,40670398;24,15648342;26,98822473;29,89756786;2;2;2;28
195;70,89;29,36893336;21,91059743;24,26071134;26,61706246;28,9791261;31,34646009;1;2;2;28
196;29,57;18,60430399;7,276547308;10,02494847;13,41783668;17,53097411;22,44166385;1;0;1;30,3
196;42,44;23,16086614;12,28999359;15,26095739;18,58349296;22,26350802;26,30650767;1;0;1;30,3
196;52,66;26,10571854;16,08885792;18,93936691;21,9691685;25,17261757;28,54469404;1;0;1;30,3
196;65,31;29,16995684;20,2756098;22,79818732;25,36480363;27,97232442;30,6180723;1;0;1;30,3
196;75,76;30,87120603;23,22931357;25,42457502;27,60147925;29,76174753;31,90681579;1;0;1;30,3
197;24,51;12,93347336;5,37571321;7,864307536;11,11671074;15,270482;20,47350577;2;1;2;28
197;37,65;21,07161275;10,42825961;13,37780929;16,78021231;20,65693036;25,02854003;1;1;1;30,3
197;47,6;24,0363628;14,24586881;17,1792388;20,36956028;23,81427518;27,51106007;1;1;1;30,3
197;61,5;26,69269925;19,08321986;21,71682885;24,42727898;27,20988852;30,06061588;2;1;2;28
197;76,15;29,87632346;23,33060316;25,51342028;27,67620453;29,82084861;31,94893024;1;1;1;30,3
198;24,51;11,40135421;5,37571321;7,864307536;11,11671074;15,270482;20,47350577;2;0;2;28
198;37,65;18,64409929;10,42825961;13,37780929;16,78021231;20,65693036;25,02854003;2;0;2;28
198;47,6;22,58383425;14,24586881;17,1792388;20,36956028;23,81427518;27,51106007;2;0;2;28
198;61,5;25,31976131;19,08321986;21,71682885;24,42727898;27,20988852;30,06061588;2;0;2;28
198;76,15;28,67251556;23,33060316;25,51342028;27,67620453;29,82084861;31,94893024;2;0;2;28
199;37,65;19,75836777;10,42825961;13,37780929;16,78021231;20,65693036;25,02854003;2;1;2;28
199;47,6;22,20577888;14,24586881;17,1792388;20,36956028;23,81427518;27,51106007;2;1;2;28
199;61,5;26,593211;19,08321986;21,71682885;24,42727898;27,20988852;30,06061588;2;1;2;28
199;76,15;30,22453236;23,33060316;25,51342028;27,67620453;29,82084861;31,94893024;1;1;1;30,3
200;25,53;13,41101699;5,750177139;8,300567865;11,59174867;15,74661594;20,89576581;2;1;2;28
200;38,67;18,56450869;10,82702319;13,78641427;17,17609363;21,01341339;25,31490224;2;1;2;28
200;48,62;19,5792889;14,62401664;17,54389524;20,70387656;24,10044776;27,73043269;3;1;3;25,7
200;62,52;25,59832843;19,40843034;22,01305238;24,68512488;27,42034488;30,21500867;2;1;2;28
200;77,17;29,42862631;23,59252076;25,74280556;27,86886416;29,97302976;32,0572435;2;1;2;28
201;38,67;20,2757067;10,82702319;13,78641427;17,17609363;21,01341339;25,31490224;2;0;2;28
201;48,62;22,80270842;14,62401664;17,54389524;20,70387656;24,10044776;27,73043269;2;0;2;28
201;62,52;25,44909604;19,40843034;22,01305238;24,68512488;27,42034488;30,21500867;2;0;2;28
201;77,17;29,36893336;23,59252076;25,74280556;27,86886416;29,97302976;32,0572435;2;0;2;28
202;38,21;18,00737445;10,64729238;13,60262373;16,99835753;20,85363928;25,18675892;2;0;2;28
202;48,16;22,72311781;14,45386751;17,38005085;20,55385971;23,97218765;27,63222031;2;0;2;28
202;62,06;25,84704907;19,26230516;21,88007449;24,56947229;27,32602085;30,14586094;2;0;2;28
202;77,86;28,90133855;23,76725494;25,89555546;27,99694383;30,07404443;32,12903783;2;0;2;28
203;24,87;11,00340118;5,507265416;8,018235494;11,28498158;15,43974928;20,62411938;3;1;3;25,7
203;38,01;16,69412946;10,56909298;13,52246635;16,92067178;20,7836649;25,13053398;3;1;3;25,7
203;47,96;19,89765132;14,37968954;17,30850198;20,48824946;23,9160145;27,58915152;3;1;3;25,7
203;61,86;25,56848195;19,19849635;21,82194406;24,51886588;27,28471007;30,11555137;2;1;2;28
203;76,51;28,87149207;23,4235385;25,59487043;27,74465857;29,87495242;31,9874592;2;1;2;28
204;38,01;16,33597174;10,56909298;13,52246635;16,92067178;20,7836649;25,13053398;3;0;3;25,7
204;47,96;19,91754898;14,37968954;17,30850198;20,48824946;23,9160145;27,58915152;3;0;3;25,7
204;61,86;23,50907504;19,19849635;21,82194406;24,51886588;27,28471007;30,11555137;3;0;3;25,7
204;76,51;26,73249456;23,4235385;25,59487043;27,74465857;29,87495242;31,9874592;3;0;3;25,7
205;36,37;14,44569486;9,926946535;12,85969336;16,27429124;20,19807984;24,65749592;3;1;3;25,7
205;46,32;16,61453886;13,76703637;16,71472097;19,94136797;23,4459112;27,22737654;4;1;4;23,4
205;60,22;21,24074279;18,66899011;21,33806614;24,09643114;26,9389786;29,86128333;4;1;4;23,4
205;74,87;24,37462287;22,99578378;25,21944298;27,42872349;29,62494965;31,80922821;4;1;4;23,4
206;27,79;11,66002368;6,596784904;9,266871446;12,62454079;16,76430311;21,78423784;3;0;3;25,7
206;38,76;16,35586939;10,86216522;13,82227912;17,21071469;21,04448432;25,33978402;3;0;3;25,7
206;52,66;21,0915104;16,08885792;18,93936691;21,9691685;25,17261757;28,54469404;3;0;3;25,7
206;67,31;25,23022188;20,87690712;23,33868221;25,82963921;28,34755818;30,89055245;3;0;3;25,7
207;27,86;11,22227535;6,62332664;9,296752556;12,65607972;16,79502378;21,81077225;3;0;3;25,7
207;38,83;16,49515295;10,88949244;13,85015253;17,23760749;21,06860798;25,3590939;3;0;3;25,7
207;52,73;20,33539965;16,11374461;18,96285136;21,99027874;25,19036398;28,55807265;3;0;3;25,7
207;68,53;23,69810273;21,23531718;23,65937947;26,10429855;28,56842852;31,05037466;3;0;3;25,7
208;38,83;18,52471338;10,88949244;13,85015253;17,23760749;21,06860798;25,3590939;2;0;2;28
208;52,73;23,06137789;16,11374461;18,96285136;21,99027874;25,19036398;28,55807265;2;0;2;28
208;68,53;27,25978232;21,23531718;23,65937947;26,10429855;28,56842852;31,05037466;2;0;2;28
209;27,43;11,16258239;6,460560258;9,113129802;12,46190568;16,60556158;21,64686721;3;1;3;25,7
209;38,67;17,2114684;10,82702319;13,78641427;17,17609363;21,01341339;25,31490224;2;1;2;28
209;52,69;22,00680237;16,09952579;18,94943458;21,97821908;25,18022654;28,55043065;2;1;2;28
209;63,96;25,25011953;19,86011612;22,42285244;25,0405505;27,70949028;30,42648257;2;1;2;28
210;38,67;17,54972847;10,82702319;13,78641427;17,17609363;21,01341339;25,31490224;2;0;2;28
210;52,69;22,24557418;16,09952579;18,94943458;21,97821908;25,18022654;28,55043065;2;0;2;28
210;63,96;25,11083597;19,86011612;22,42285244;25,0405505;27,70949028;30,42648257;2;0;2;28
211;20,5;11,34166126;3,965062956;6,161411531;9,201045175;13,29173764;18,66887516;2;0;2;28
211;31,73;16,63443651;8,112206679;10,93794521;14,35557591;18,42185625;23,19362019;2;0;2;28
211;45,76;22,74301546;13,55612508;16,50910297;19,75097731;23,28144761;27,10023857;2;0;2;28
211;57,03;25,40930074;17,60753867;20,35976687;23,23569271;26,2294833;29,33603229;2;0;2;28
212;20,5;11,36155891;3,965062956;6,161411531;9,201045175;13,29173764;18,66887516;2;1;2;28
212;45,76;22,60373191;13,55612508;16,50910297;19,75097731;23,28144761;27,10023857;2;1;2;28
212;57,03;27,65773534;17,60753867;20,35976687;23,23569271;26,2294833;29,33603229;1;1;1;30,3
213;23,49;9,093226656;5,006906868;7,428706087;10,63643532;14,78355726;20,03708654;3;1;3;25,7
213;34,69;14,64467138;9,268533143;12,17123596;15,59486925;19,57584275;24,14978449;3;1;3;25,7
213;47,86;21,35017987;14,34255565;17,27265676;20,4553565;23,8878347;27,56753288;2;1;2;28
213;60,68;24,19554401;18,81863425;21,47508785;24,21627043;27,03722095;29,93364626;3;1;3;25,7
213;72,83;28,25466488;22,44793509;24,73658245;27,02081889;29,30103315;31,57755145;2;1;2;28
214;23,52;10,40647164;5,017666984;7,441503074;10,65063347;14,79803483;20,05013127;3;1;3;25,7
214;34,72;15,95791636;9,280286459;12,18360879;15,60715472;19,58715744;24,15906451;2;1;2;28
214;47,9;21,76803055;14,35741278;17,28700051;20,46852072;23,89911409;27,57618709;2;1;2;28
214;60,71;24,79247355;18,82836331;21,48398878;24,22404923;27,04359341;29,93833701;2;1;2;28
214;72,86;28,47353905;22,45611902;24,74381263;27,02693984;29,30590336;31,58104114;2;1;2;28
215;23,52;10,40647164;5,017666984;7,441503074;10,65063347;14,79803483;20,05013127;3;1;3;25,7
215;34,72;16,21658583;9,280286459;12,18360879;15,60715472;19,58715744;24,15906451;2;1;2;28
215;47,9;21,35017987;14,35741278;17,28700051;20,46852072;23,89911409;27,57618709;2;1;2;28
215;60,71;24,19554401;18,82836331;21,48398878;24,22404923;27,04359341;29,93833701;3;1;3;25,7
215;72,86;28,05568837;22,45611902;24,74381263;27,02693984;29,30590336;31,58104114;2;1;2;28
216;34,72;17,17167309;9,280286459;12,18360879;15,60715472;19,58715744;24,15906451;2;0;2;28
216;47,9;23,06137789;14,35741278;17,28700051;20,46852072;23,89911409;27,57618709;2;0;2;28
216;60,71;24,8521665;18,82836331;21,48398878;24,22404923;27,04359341;29,93833701;2;0;2;28
216;72,86;29,13016154;22,45611902;24,74381263;27,02693984;29,30590336;31,58104114;2;0;2;28
217;28,32;13,92835593;6,798158459;9,49299328;12,86264563;16,99572964;21,98372988;2;0;2;28
217;53,42;23,32004735;16,35810912;19,19306733;22,19691053;25,36383126;28,6886799;2;0;2;28
217;65,64;26,14551384;20,37599777;22,8886428;25,44276827;28,03538751;30,66395149;2;0;2;28
217;77,56;29,94596524;23,69152531;25,82938123;27,94147815;30,03031455;32,09796755;2;0;2;28
218;53,42;23,87718159;16,35810912;19,19306733;22,19691053;25,36383126;28,6886799;2;0;2;28
218;65,64;26,36438801;20,37599777;22,8886428;25,44276827;28,03538751;30,66395149;2;0;2;28
218;77,56;29,68729578;23,69152531;25,82938123;27,94147815;30,03031455;32,09796755;2;0;2;28
219;53,42;23,9965675;16,35810912;19,19306733;22,19691053;25,36383126;28,6886799;2;0;2;28
219;65,64;26,80213633;20,37599777;22,8886428;25,44276827;28,03538751;30,66395149;2;0;2;28
219;77,56;29,9658629;23,69152531;25,82938123;27,94147815;30,03031455;32,09796755;2;0;2;28
220;22,4;11,83910254;4,619822358;6,964606702;10,11770663;14,25101895;19,5542306;2;1;2;28
220;36,17;18,96246171;9,848565212;12,77822145;16,19432352;20,12520705;24,59830948;2;1;2;28
220;45,14;23,14096849;13,32165916;16,27977538;19,53800239;23,0969742;26,9572734;1;1;1;30,3
220;58,51;25,14068245;18,10510543;20,81976959;23,64155001;26,56488249;29,58491948;2;1;2;28
220;70,43;28,05568837;21,78083931;24,14545127;26,51900219;28,90074892;31,29006453;2;1;2;28
220;77,86;29,31918923;23,76725494;25,89555546;27,99694383;30,07404443;32,12903783;2;1;2;28
221;22,4;9,351896123;4,619822358;6,964606702;10,11770663;14,25101895;19,5542306;3;1;3;25,7
221;36,17;16,91300363;9,848565212;12,77822145;16,19432352;20,12520705;24,59830948;2;1;2;28
221;45,14;19,22113118;13,32165916;16,27977538;19,53800239;23,0969742;26,9572734;3;1;3;25,7
221;58,51;23,05142906;18,10510543;20,81976959;23,64155001;26,56488249;29,58491948;3;1;3;25,7
221;70,43;25,53863548;21,78083931;24,14545127;26,51900219;28,90074892;31,29006453;3;1;3;25,7
221;77,86;26,79218751;23,76725494;25,89555546;27,99694383;30,07404443;32,12903783;3;1;3;25,7
222;36,17;14,88344319;9,848565212;12,77822145;16,19432352;20,12520705;24,59830948;3;1;3;25,7
222;45,14;18,26604392;13,32165916;16,27977538;19,53800239;23,0969742;26,9572734;3;1;3;25,7
222;58,51;21,02186862;18,10510543;20,81976959;23,64155001;26,56488249;29,58491948;3;1;3;25,7
222;70,43;23,52897269;21,78083931;24,14545127;26,51900219;28,90074892;31,29006453;4;1;4;23,4
222;77,86;24,82232003;23,76725494;25,89555546;27,99694383;30,07404443;32,12903783;4;1;4;23,4
223;24,05;13,5304029;5,208647902;7,667744031;10,90074957;15,05223857;20,27848489;2;2;3;25,7
223;37,81;17,11198014;10,49086338;13,44216029;16,84273797;20,7133811;25,07399651;2;2;3;25,7
223;46,78;19,12164292;13,9396483;16,88253629;20,09636516;23,57949261;27,33042134;3;2;3;25,7
223;60,15;22,8325549;18,64614175;21,31712591;24,07810158;26,92394086;29,85019909;3;2;3;25,7
223;72,08;25,51873782;22,24209693;24,55456009;26,86658881;29,17822073;31,48948746;3;2;3;25,7
223;79,5;25,61822608;24,17470479;26,2508809;28,29422663;30,30803457;32,29503243;4;2;3;25,7
224;24,05;12,23705556;5,208647902;7,667744031;10,90074957;15,05223857;20,27848489;2;2;3;25,7
224;37,81;15,48037273;10,49086338;13,44216029;16,84273797;20,7133811;25,07399651;3;2;3;25,7
224;46,78;16,33597174;13,9396483;16,88253629;20,09636516;23,57949261;27,33042134;4;2;3;25,7
224;60,15;20,69355738;18,64614175;21,31712591;24,07810158;26,92394086;29,85019909;4;2;3;25,7
224;72,08;23,6483586;22,24209693;24,55456009;26,86658881;29,17822073;31,48948746;4;2;3;25,7
224;79,5;24,89196181;24,17470479;26,2508809;28,29422663;30,30803457;32,29503243;4;2;3;25,7
225;35,45;18,00737445;9,566360077;12,48381452;15,90438877;19,86018768;24,38245531;2;0;2;28
225;48,65;21,21089631;14,63509079;17,5545459;20,71361743;24,10876736;27,73679718;2;0;2;28
225;60,71;25,30981249;18,82836331;21,48398878;24,22404923;27,04359341;29,93833701;2;0;2;28
226;23,59;12,09777201;5,04279516;7,47136681;10,68374569;14,83177874;20,08051897;2;1;2;28
226;35,58;18,20635096;9,61731401;12,53709756;15,95697544;19,90835019;24,42175436;2;1;2;28
226;48,78;23,81748864;14,68304656;17,60064939;20,75576739;24,14475527;27,76431947;2;1;2;28
226;60,84;27,37916822;18,87047958;21,5225096;24,25770543;27,07115857;29,9586234;1;1;1;30,3
227;23,62;12,91357571;5,053573438;7,484167274;10,69792942;14,84622455;20,0935209;2;0;2;28
227;35,61;18,00737445;9,629072753;12,54938584;15,96909598;19,91944503;24,43080287;2;0;2;28
227;48,82;22,86240137;14,69779163;17,61481892;20,76871684;24,1558077;27,77276921;2;0;2;28
227;60,87;26,2450021;18,88018879;21,53138752;24,26546027;27,07750851;29,96329562;2;0;2;28
