arv;hi;dicc;dap;ht
5;0;22,5;15,5;24,3
5;0,2;16,8;15,5;24,3
5;0,5;16,5;15,5;24,3
5;0,7;16,2;15,5;24,3
5;1;15,7;15,5;24,3
5;1,2;15,6;15,5;24,3
5;2,4;14,4;15,5;24,3
5;3,6;14,1;15,5;24,3
5;6,1;13;15,5;24,3
5;8,5;12,2;15,5;24,3
5;10,9;11,8;15,5;24,3
5;13,4;11,3;15,5;24,3
5;15,8;10,2;15,5;24,3
5;18,2;8,6;15,5;24,3
5;20,6;6,3;15,5;24,3
5;23,1;3,5;15,5;24,3
5;24,3;0;15,5;24,3
27;0;21,5;17,9;20
27;0,2;19,6;17,9;20
27;0,4;19,1;17,9;20
27;0,6;18,8;17,9;20
27;0,8;18,5;17,9;20
27;1;18,2;17,9;20
27;2;16,5;17,9;20
27;3;15,8;17,9;20
27;5;14;17,9;20
27;7;13,2;17,9;20
27;9;11,7;17,9;20
27;11;10;17,9;20
27;13;8,4;17,9;20
27;15;6,5;17,9;20
27;17;4,5;17,9;20
27;19;2;17,9;20
27;20;0;17,9;20
6;0;27;19,5;23,6
6;0,2;23,3;19,5;23,6
6;0,5;21,3;19,5;23,6
6;0,7;20,8;19,5;23,6
6;0,9;20;19,5;23,6
6;1,2;19,6;19,5;23,6
6;2,4;18,6;19,5;23,6
6;3,5;18,3;19,5;23,6
6;5,9;16,8;19,5;23,6
6;8,3;15,9;19,5;23,6
6;10,6;14;19,5;23,6
6;13;13,4;19,5;23,6
6;15,3;11,8;19,5;23,6
6;17,7;10,4;19,5;23,6
6;20,1;7,5;19,5;23,6
6;22,4;3,9;19,5;23,6
6;23,6;0;19,5;23,6
47;0;25,5;19,6;29,3
47;0,3;22,3;19,6;29,3
47;0,6;21,3;19,6;29,3
47;0,9;20,1;19,6;29,3
47;1,2;19,8;19,6;29,3
47;1,5;19,2;19,6;29,3
47;2,9;18,5;19,6;29,3
47;4,4;17,6;19,6;29,3
47;7,3;16,2;19,6;29,3
47;10,3;14,6;19,6;29,3
47;13,2;13,5;19,6;29,3
47;16,1;12,7;19,6;29,3
47;19;10,8;19,6;29,3
47;22;9,3;19,6;29,3
47;24,9;6,8;19,6;29,3
47;27,8;3;19,6;29,3
47;29,3;0;19,6;29,3
1;0;28;21,5;21,4
1;0,2;24,3;21,5;21,4
1;0,4;22,5;21,5;21,4
1;0,6;21,8;21,5;21,4
1;0,9;21,6;21,5;21,4
1;1,1;21,5;21,5;21,4
1;2,1;20,5;21,5;21,4
1;3,2;20,2;21,5;21,4
1;5,3;18,6;21,5;21,4
1;7,5;17,7;21,5;21,4
1;9,6;16,8;21,5;21,4
1;11,8;15,3;21,5;21,4
1;13,9;15,1;21,5;21,4
1;16;11,1;21,5;21,4
1;18,2;7,5;21,5;21,4
1;20,3;4;21,5;21,4
1;21,4;0;21,5;21,4
36;0;30;22;28,9
36;0,3;25;22;28,9
36;0,6;23,3;22;28,9
36;0,9;23,1;22;28,9
36;1,2;22,7;22;28,9
36;1,4;21,4;22;28,9
36;2,9;19,8;22;28,9
36;4,3;19,7;22;28,9
36;7,2;17;22;28,9
36;10,1;15,8;22;28,9
36;13;13,8;22;28,9
36;15,9;12,6;22;28,9
36;18,8;11;22;28,9
36;21,7;9,4;22;28,9
36;24,6;5,8;22;28,9
36;27,5;4;22;28,9
36;28,9;0;22;28,9
4;0;28,3;22,7;24,5
4;0,3;25;22,7;24,5
4;0,5;23,8;22,7;24,5
4;0,7;23,5;22,7;24,5
4;1;23,2;22,7;24,5
4;1,2;22,5;22,7;24,5
4;2,5;20,5;22,7;24,5
4;3,7;20;22,7;24,5
4;6,1;19,7;22,7;24,5
4;8,6;17,5;22,7;24,5
4;11;15,8;22,7;24,5
4;13,5;14,6;22,7;24,5
4;15,9;13;22,7;24,5
4;18,4;11,4;22,7;24,5
4;20,8;7,6;22,7;24,5
4;23,3;3,6;22,7;24,5
4;24,5;0;22,7;24,5
22;0;29,7;24,5;25
22;0,3;27,7;24,5;25
22;0,5;26;24,5;25
22;0,8;25,2;24,5;25
22;1;25;24,5;25
22;1,3;25,2;24,5;25
22;2,5;23,5;24,5;25
22;3,8;22;24,5;25
22;6,3;21,3;24,5;25
22;8,8;20;24,5;25
22;11,3;18,5;24,5;25
22;13,8;16,5;24,5;25
22;16,3;14,3;24,5;25
22;18,8;12;24,5;25
22;21,3;8,3;24,5;25
22;23,8;3,7;24,5;25
22;25;0;24,5;25
3;0;35;26,8;23,5
3;0,2;31,5;26,8;23,5
3;0,5;29,8;26,8;23,5
3;0,7;29,3;26,8;23,5
3;0,9;28,8;26,8;23,5
3;1,2;27,5;26,8;23,5
3;2,3;24;26,8;23,5
3;3,5;22,7;26,8;23,5
3;5,9;21,6;26,8;23,5
3;8,2;19,8;26,8;23,5
3;10,6;19,3;26,8;23,5
3;12,9;18,8;26,8;23,5
3;15,3;15,8;26,8;23,5
3;17,6;14;26,8;23,5
3;20;8,8;26,8;23,5
3;22,3;2,6;26,8;23,5
3;23,5;0;26,8;23,5
7;0;37,5;27,8;28,3
7;0,3;33,8;27,8;28,3
7;0,6;30,8;27,8;28,3
7;0,9;29,5;27,8;28,3
7;1,1;28,3;27,8;28,3
7;1,4;27,5;27,8;28,3
7;2,8;26,7;27,8;28,3
7;4,2;24,8;27,8;28,3
7;7,1;24,2;27,8;28,3
7;9,9;21,8;27,8;28,3
7;12,7;21,3;27,8;28,3
7;15,6;19,5;27,8;28,3
7;18,4;16,6;27,8;28,3
7;21,2;13,1;27,8;28,3
7;24;9,3;27,8;28,3
7;26,9;3;27,8;28,3
7;28,3;0;27,8;28,3
37;0;37,3;27,8;26,9
37;0,3;31,8;27,8;26,9
37;0,5;29,3;27,8;26,9
37;0,8;28,2;27,8;26,9
37;1,1;28;27,8;26,9
37;1,3;27,2;27,8;26,9
37;2,7;25,3;27,8;26,9
37;4;23,9;27,8;26,9
37;6,7;21,3;27,8;26,9
37;9,4;20,2;27,8;26,9
37;12,1;18,7;27,8;26,9
37;14,8;16,1;27,8;26,9
37;17,5;13;27,8;26,9
37;20,2;12,3;27,8;26,9
37;22,9;8,5;27,8;26,9
37;25,5;4;27,8;26,9
37;26,9;0;27,8;26,9
23;0;38;28;25
23;0,3;31,5;28;25
23;0,5;31,2;28;25
23;0,8;29;28;25
23;1;28,7;28;25
23;1,3;28,2;28;25
23;2,5;26,5;28;25
23;3,8;25,7;28;25
23;6,3;25,2;28;25
23;8,8;24,3;28;25
23;11,3;20,2;28;25
23;13,8;18,5;28;25
23;16,3;16,7;28;25
23;18,8;14;28;25
23;21,3;9,7;28;25
23;23,8;4,2;28;25
23;25;0;28;25
29;0;39,5;29;27,1
29;0,3;30,3;29;27,1
29;0,5;29,3;29;27,1
29;0,8;29,2;29;27,1
29;1,1;28,8;29;27,1
29;1,4;28,5;29;27,1
29;2,7;26,8;29;27,1
29;4,1;26,5;29;27,1
29;6,8;26;29;27,1
29;9,5;23,6;29;27,1
29;12,2;22,5;29;27,1
29;14,9;21,3;29;27,1
29;17,6;18,9;29;27,1
29;20,3;15,3;29;27,1
29;23;10,6;29;27,1
29;25,8;3;29;27,1
29;27,1;0;29;27,1
45;0;36,5;30,6;31
45;0,3;34,3;30,6;31
45;0,6;31,5;30,6;31
45;0,9;31,3;30,6;31
45;1,2;30,8;30,6;31
45;1,5;29,8;30,6;31
45;3,1;28,7;30,6;31
45;4,7;27,8;30,6;31
45;7,8;24,2;30,6;31
45;10,9;22,9;30,6;31
45;13,9;20;30,6;31
45;17;17,8;30,6;31
45;20,1;15,8;30,6;31
45;23,3;12,3;30,6;31
45;26,4;9,6;30,6;31
45;29,5;3,5;30,6;31
45;31;0;30,6;31
8;0;43;31,3;25,1
8;0,3;37;31,3;25,1
8;0,5;34,5;31,3;25,1
8;0,8;32,3;31,3;25,1
8;1;31,8;31,3;25,1
8;1,3;31;31,3;25,1
8;2,5;30,8;31,3;25,1
8;3,8;29,5;31,3;25,1
8;6,3;27,2;31,3;25,1
8;8,8;26,1;31,3;25,1
8;11,3;23,8;31,3;25,1
8;13,8;22,1;31,3;25,1
8;16,3;19,1;31,3;25,1
8;18,8;14,8;31,3;25,1
8;21,3;8,5;31,3;25,1
8;23,9;4,1;31,3;25,1
8;25,1;0;31,3;25,1
38;0;42,3;31,5;27
38;0,3;37,3;31,5;27
38;0,5;34,5;31,5;27
38;0,8;33,1;31,5;27
38;1,1;31,8;31,5;27
38;1,4;31,3;31,5;27
38;2,7;30,8;31,5;27
38;4,1;29,3;31,5;27
38;6,8;27,3;31,5;27
38;9,4;25,7;31,5;27
38;12,1;22,9;31,5;27
38;14,9;20,4;31,5;27
38;17,5;18,7;31,5;27
38;20,3;14;31,5;27
38;23;7,7;31,5;27
38;25,6;3;31,5;27
38;27;0;31,5;27
9;0;40,3;31,8;27,3
9;0,3;37,3;31,8;27,3
9;0,6;36,3;31,8;27,3
9;0,8;32,7;31,8;27,3
9;1,1;31,9;31,8;27,3
9;1,4;31,5;31,8;27,3
9;2,7;30,5;31,8;27,3
9;4,1;27,6;31,8;27,3
9;6,8;26,8;31,8;27,3
9;9,6;26;31,8;27,3
9;12,3;22,8;31,8;27,3
9;15;21,8;31,8;27,3
9;17,7;18,3;31,8;27,3
9;20,5;14,2;31,8;27,3
9;23,2;9,8;31,8;27,3
9;25,9;3,8;31,8;27,3
9;27,3;0;31,8;27,3
2;0;41,3;32,9;23,9
2;0,2;37,3;32,9;23,9
2;0,5;35,3;32,9;23,9
2;0,7;34;32,9;23,9
2;1;33,8;32,9;23,9
2;1,2;33,5;32,9;23,9
2;2,4;32;32,9;23,9
2;3,6;30,3;32,9;23,9
2;6;28,9;32,9;23,9
2;8,4;27,2;32,9;23,9
2;10,8;25,6;32,9;23,9
2;13,1;22,8;32,9;23,9
2;15,5;19,3;32,9;23,9
2;17,9;14,8;32,9;23,9
2;20,3;9,7;32,9;23,9
2;22,7;3,7;32,9;23,9
2;23,9;0;32,9;23,9
39;0;39,8;34,3;33
39;0,3;38,3;34,3;33
39;0,7;36;34,3;33
39;1;35,8;34,3;33
39;1,3;33,7;34,3;33
39;1,6;33;34,3;33
39;3,3;30,8;34,3;33
39;4,9;28,3;34,3;33
39;8,3;25,9;34,3;33
39;11,6;23,8;34,3;33
39;14,9;22,4;34,3;33
39;18,1;19,3;34,3;33
39;21,5;17,5;34,3;33
39;24,8;14;34,3;33
39;28;9,3;34,3;33
39;31,4;3,7;34,3;33
39;33;0;34,3;33
1;0;42,8;34,8;26,1
1;0,3;39,3;34,8;26,1
1;0,5;37;34,8;26,1
1;0,8;35,8;34,8;26,1
1;1;35,5;34,8;26,1
1;1,3;34,3;34,8;26,1
1;2,6;32,5;34,8;26,1
1;3,9;32,1;34,8;26,1
1;6,5;30,8;34,8;26,1
1;9,1;30;34,8;26,1
1;11,8;26,9;34,8;26,1
1;14,4;23,8;34,8;26,1
1;17;20,3;34,8;26,1
1;19,6;15,1;34,8;26,1
1;22,2;9,1;34,8;26,1
1;24,8;4,2;34,8;26,1
1;26,1;0;34,8;26,1
28;0;46,5;34,9;28,3
28;0,3;40,5;34,9;28,3
28;0,6;37,8;34,9;28,3
28;0,9;36,5;34,9;28,3
28;1,1;35;34,9;28,3
28;1,4;34,3;34,9;28,3
28;2,8;33,3;34,9;28,3
28;4,2;31,5;34,9;28,3
28;7,1;30,4;34,9;28,3
28;9,9;27,4;34,9;28,3
28;12,7;25,5;34,9;28,3
28;15,6;23,9;34,9;28,3
28;18,4;21,5;34,9;28,3
28;21,2;18,5;34,9;28,3
28;24;13,5;34,9;28,3
28;26,9;6,5;34,9;28,3
28;28,3;0;34,9;28,3
24;0;45;35,2;26,7
24;0,3;40;35,2;26,7
24;0,5;38;35,2;26,7
24;0,8;37;35,2;26,7
24;1,1;36;35,2;26,7
24;1,3;35,5;35,2;26,7
24;2,7;33,3;35,2;26,7
24;4;32;35,2;26,7
24;6,7;31;35,2;26,7
24;9,4;28,5;35,2;26,7
24;12;26;35,2;26,7
24;14,7;23,6;35,2;26,7
24;17,4;19,8;35,2;26,7
24;20;16;35,2;26,7
24;22,7;9,6;35,2;26,7
24;25,4;2,9;35,2;26,7
24;26,7;0;35,2;26,7
4;0;45;35,4;30,1
4;0,3;39;35,4;30,1
4;0,6;36,2;35,4;30,1
4;0,9;35,5;35,4;30,1
4;1,2;35,4;35,4;30,1
4;1,5;34,4;35,4;30,1
4;3;32,5;35,4;30,1
4;4,5;31,3;35,4;30,1
4;7,5;29,8;35,4;30,1
4;10,5;28;35,4;30,1
4;13,6;26,7;35,4;30,1
4;16,6;24,3;35,4;30,1
4;19,6;20,8;35,4;30,1
4;22,6;15,7;35,4;30,1
4;25,6;10,6;35,4;30,1
4;28,6;3,3;35,4;30,1
4;30,1;0;35,4;30,1
48;0;47;35,4;27,8
48;0,3;40;35,4;27,8
48;0,6;37,8;35,4;27,8
48;0,8;37,3;35,4;27,8
48;1,1;36,3;35,4;27,8
48;1,4;35,2;35,4;27,8
48;2,8;33,3;35,4;27,8
48;4,2;32,2;35,4;27,8
48;6,9;30,3;35,4;27,8
48;9,7;28,8;35,4;27,8
48;12,5;26,4;35,4;27,8
48;15,3;23,5;35,4;27,8
48;18,1;20,1;35,4;27,8
48;20,9;15,7;35,4;27,8
48;23,6;8,5;35,4;27,8
48;26,4;3,5;35,4;27,8
48;27,8;0;35,4;27,8
10;0;45;35,6;28,1
10;0,3;39,3;35,6;28,1
10;0,6;37,5;35,6;28,1
10;0,8;36,7;35,6;28,1
10;1,1;35,8;35,6;28,1
10;1,4;35,2;35,6;28,1
10;2,8;32;35,6;28,1
10;4,2;31;35,6;28,1
10;7;28,8;35,6;28,1
10;9,8;27;35,6;28,1
10;12,6;24,3;35,6;28,1
10;15,5;22;35,6;28,1
10;18,3;19;35,6;28,1
10;21,1;15,5;35,6;28,1
10;23,9;10,5;35,6;28,1
10;26,7;3,6;35,6;28,1
10;28,1;0;35,6;28,1
16;0;46,3;35,8;30,2
16;0,3;39,3;35,8;30,2
16;0,6;36,8;35,8;30,2
16;0,9;36;35,8;30,2
16;1,2;35,8;35,8;30,2
16;1,5;35,3;35,8;30,2
16;3;31,8;35,8;30,2
16;4,5;30,5;35,8;30,2
16;7,6;27,7;35,8;30,2
16;10,6;26,9;35,8;30,2
16;13,6;24;35,8;30,2
16;16,6;23;35,8;30,2
16;19,6;20,2;35,8;30,2
16;22,6;16,9;35,8;30,2
16;25,7;10,5;35,8;30,2
16;28,7;4,7;35,8;30,2
16;30,2;0;35,8;30,2
26;0;51;35,8;28,2
26;0,3;39;35,8;28,2
26;0,6;38,3;35,8;28,2
26;0,9;37;35,8;28,2
26;1,1;36,5;35,8;28,2
26;1,4;36;35,8;28,2
26;2,8;35,3;35,8;28,2
26;4,2;31,9;35,8;28,2
26;7,1;30,2;35,8;28,2
26;9,9;28,5;35,8;28,2
26;12,7;26;35,8;28,2
26;15,5;24,6;35,8;28,2
26;18,3;21;35,8;28,2
26;21,1;17,8;35,8;28,2
26;24;11,8;35,8;28,2
26;26,8;3,5;35,8;28,2
26;28,2;0;35,8;28,2
11;0;46;36,8;26,6
11;0,3;41,8;36,8;26,6
11;0,5;38,6;36,8;26,6
11;0,8;37,8;36,8;26,6
11;1,1;37;36,8;26,6
11;1,3;36,5;36,8;26,6
11;2,7;35,2;36,8;26,6
11;4;33,3;36,8;26,6
11;6,7;33;36,8;26,6
11;9,3;30,3;36,8;26,6
11;12;28,5;36,8;26,6
11;14,6;26,3;36,8;26,6
11;17,3;23,2;36,8;26,6
11;20;18,4;36,8;26,6
11;22,6;10,8;36,8;26,6
11;25,3;3,6;36,8;26,6
11;26,6;0;36,8;26,6
49;0;49;37,8;26
49;0,3;43,3;37,8;26
49;0,5;39,8;37,8;26
49;0,8;39,3;37,8;26
49;1;38,8;37,8;26
49;1,3;37,7;37,8;26
49;2,6;34,2;37,8;26
49;3,9;32,6;37,8;26
49;6,5;32,2;37,8;26
49;9,1;29,3;37,8;26
49;11,7;28;37,8;26
49;14,3;24,9;37,8;26
49;16,9;20,9;37,8;26
49;19,5;15,7;37,8;26
49;22,1;8,2;37,8;26
49;24,7;4;37,8;26
49;26;0;37,8;26
30;0;51,8;38,5;30
30;0,3;44,3;38,5;30
30;0,6;41,8;38,5;30
30;0,9;39,8;38,5;30
30;1,2;38,2;38,5;30
30;1,5;38,1;38,5;30
30;3;36,7;38,5;30
30;4,5;35,4;38,5;30
30;7,5;33,8;38,5;30
30;10,5;31,1;38,5;30
30;13,5;28,3;38,5;30
30;16,5;24,5;38,5;30
30;19,5;21,3;38,5;30
30;22,5;16,9;38,5;30
30;25,5;10,4;38,5;30
30;28,5;3;38,5;30
30;30;0;38,5;30
3;0;48,8;38,7;29,7
3;0,3;43,8;38,7;29,7
3;0,6;41,5;38,7;29,7
3;0,9;40,5;38,7;29,7
3;1,2;39,9;38,7;29,7
3;1,5;38,5;38,7;29,7
3;3;37,5;38,7;29,7
3;4,5;35;38,7;29,7
3;7,4;32,9;38,7;29,7
3;10,4;32,2;38,7;29,7
3;13,4;27,8;38,7;29,7
3;16,3;24,9;38,7;29,7
3;19,3;20,3;38,7;29,7
3;22,3;15,5;38,7;29,7
3;25,3;9,5;38,7;29,7
3;28,2;3,5;38,7;29,7
3;29,7;0;38,7;29,7
40;0;47,3;38,8;30,3
40;0,3;43,8;38,8;30,3
40;0,6;41,3;38,8;30,3
40;0,9;41;38,8;30,3
40;1,2;38,8;38,8;30,3
40;1,5;37,5;38,8;30,3
40;3;36,5;38,8;30,3
40;4,5;36;38,8;30,3
40;7,6;31,8;38,8;30,3
40;10,6;29,8;38,8;30,3
40;13,6;26,8;38,8;30,3
40;16,7;24,5;38,8;30,3
40;19,7;20;38,8;30,3
40;22,7;16,3;38,8;30,3
40;25,8;10,3;38,8;30,3
40;28,8;4,5;38,8;30,3
40;30,3;0;38,8;30,3
17;0;46,3;39,6;32
17;0,3;42;39,6;32
17;0,6;40,5;39,6;32
17;1;39;39,6;32
17;1,3;38;39,6;32
17;1,6;37,2;39,6;32
17;3,2;35,5;39,6;32
17;4,8;33,8;39,6;32
17;8;31,3;39,6;32
17;11,2;28;39,6;32
17;14,4;25;39,6;32
17;17,6;23;39,6;32
17;20,8;19,3;39,6;32
17;24;15,1;39,6;32
17;27,2;8,6;39,6;32
17;30,4;4;39,6;32
17;32;0;39,6;32
25;0;52;40,5;27,6
25;0,3;45,8;40,5;27,6
25;0,6;41,5;40,5;27,6
25;0,8;41,3;40,5;27,6
25;1,1;40,3;40,5;27,6
25;1,4;39;40,5;27,6
25;2,8;37,5;40,5;27,6
25;4,1;38;40,5;27,6
25;6,9;36,5;40,5;27,6
25;9,7;34,8;40,5;27,6
25;12,4;34;40,5;27,6
25;15,2;29,8;40,5;27,6
25;17,9;25,8;40,5;27,6
25;20,7;15,9;40,5;27,6
25;23,5;9,8;40,5;27,6
25;26,2;3,4;40,5;27,6
25;27,6;0;40,5;27,6
43;0;51;40,6;31,1
43;0,3;43,8;40,6;31,1
43;0,6;41,5;40,6;31,1
43;0,9;41,3;40,6;31,1
43;1,2;39,8;40,6;31,1
43;1,6;39,6;40,6;31,1
43;3,1;39;40,6;31,1
43;4,7;36,9;40,6;31,1
43;7,8;35,3;40,6;31,1
43;10,9;33,5;40,6;31,1
43;14;30,3;40,6;31,1
43;17,1;28,3;40,6;31,1
43;20,2;25,4;40,6;31,1
43;23,3;20;40,6;31,1
43;26,4;10,6;40,6;31,1
43;29,5;4,5;40,6;31,1
43;31,1;0;40,6;31,1
31;0;48,5;41,2;27,6
31;0,3;44,5;41,2;27,6
31;0,6;43,3;41,2;27,6
31;0,8;41,3;41,2;27,6
31;1,1;39,5;41,2;27,6
31;1,4;39;41,2;27,6
31;2,8;36;41,2;27,6
31;4,1;35,2;41,2;27,6
31;6,9;34;41,2;27,6
31;9,7;30,3;41,2;27,6
31;12,4;28,3;41,2;27,6
31;15,2;26,3;41,2;27,6
31;17,9;22;41,2;27,6
31;20,7;19;41,2;27,6
31;23,5;10;41,2;27,6
31;26,2;4,7;41,2;27,6
31;27,6;0;41,2;27,6
35;0;57;41,5;29,7
35;0,3;47,5;41,5;29,7
35;0,6;45,2;41,5;29,7
35;0,9;43;41,5;29,7
35;1,2;41,7;41,5;29,7
35;1,5;40,5;41,5;29,7
35;3;39,2;41,5;29,7
35;4,5;38;41,5;29,7
35;7,4;39,5;41,5;29,7
35;10,4;31,6;41,5;29,7
35;13,4;29;41,5;29,7
35;16,3;26,4;41,5;29,7
35;19,3;25,7;41,5;29,7
35;22,3;18,3;41,5;29,7
35;25,3;12,9;41,5;29,7
35;28,2;5,2;41,5;29,7
35;29,7;0;41,5;29,7
50;0;50,8;41,5;25,5
50;0,3;46;41,5;25,5
50;0,5;44,5;41,5;25,5
50;0,8;42,5;41,5;25,5
50;1;42,3;41,5;25,5
50;1,3;41,5;41,5;25,5
50;2,5;39;41,5;25,5
50;3,8;38,3;41,5;25,5
50;6,4;35,2;41,5;25,5
50;8,9;33,3;41,5;25,5
50;11,5;31;41,5;25,5
50;14;28,3;41,5;25,5
50;16,6;22,8;41,5;25,5
50;19,1;17,6;41,5;25,5
50;21,7;8,7;41,5;25,5
50;24,2;3,5;41,5;25,5
50;25,5;0;41,5;25,5
18;0;51;41,8;31,8
18;0,3;44,5;41,8;31,8
18;0,6;43,3;41,8;31,8
18;0,9;42,1;41,8;31,8
18;1,3;41,5;41,8;31,8
18;1,6;40,8;41,8;31,8
18;3,2;38,5;41,8;31,8
18;4,8;38;41,8;31,8
18;7,9;35,8;41,8;31,8
18;11,1;33,8;41,8;31,8
18;14,3;30,2;41,8;31,8
18;17,5;28,1;41,8;31,8
18;20,7;24;41,8;31,8
18;23,9;21;41,8;31,8
18;27;11;41,8;31,8
18;30,2;4;41,8;31,8
18;31,8;0;41,8;31,8
10;0;56,8;42,1;26,8
10;0,3;49,9;42,1;26,8
10;0,5;46,5;42,1;26,8
10;0,8;44,3;42,1;26,8
10;1,1;42,3;42,1;26,8
10;1,3;41,3;42,1;26,8
10;2,7;38,2;42,1;26,8
10;4;36,8;42,1;26,8
10;6,7;35,8;42,1;26,8
10;9,4;30,5;42,1;26,8
10;12,1;27,9;42,1;26,8
10;14,7;24,3;42,1;26,8
10;17,4;19,9;42,1;26,8
10;20,1;14,4;42,1;26,8
10;22,8;7,9;42,1;26,8
10;25,5;3,5;42,1;26,8
10;26,8;0;42,1;26,8
12;0;52,3;42,5;33,3
12;0,3;46,5;42,5;33,3
12;0,7;44,9;42,5;33,3
12;1;43,3;42,5;33,3
12;1,3;41,5;42,5;33,3
12;1,7;39,5;42,5;33,3
12;3,3;38,2;42,5;33,3
12;5;37,3;42,5;33,3
12;8,3;35,6;42,5;33,3
12;11,6;34,6;42,5;33,3
12;15;30,7;42,5;33,3
12;18,3;28,6;42,5;33,3
12;21,6;25,6;42,5;33,3
12;25;18,3;42,5;33,3
12;28,3;11,9;42,5;33,3
12;31,6;4,5;42,5;33,3
12;33,3;0;42,5;33,3
5;0;51,3;44;30
5;0,3;46,7;44;30
5;0,6;45,8;44;30
5;0,9;45,3;44;30
5;1,2;44,3;44;30
5;1,5;43;44;30
5;3;41,3;44;30
5;4,5;40,3;44;30
5;7,5;38,5;44;30
5;10,5;35,3;44;30
5;13,5;32,3;44;30
5;16,5;29,2;44;30
5;19,5;24,5;44;30
5;22,5;16;44;30
5;25,5;10,5;44;30
5;28,5;3,5;44;30
5;30;0;44;30
6;0;56;44;28,1
6;0,3;49,5;44;28,1
6;0,6;47,5;44;28,1
6;0,8;46,3;44;28,1
6;1,1;45,3;44;28,1
6;1,4;44,3;44;28,1
6;2,8;42,5;44;28,1
6;4,2;42;44;28,1
6;7;39,5;44;28,1
6;9,8;37,5;44;28,1
6;12,6;34,9;44;28,1
6;15,5;31,3;44;28,1
6;18,3;26;44;28,1
6;21,1;22;44;28,1
6;23,9;13,3;44;28,1
6;26,7;3,5;44;28,1
6;28,1;0;44;28,1
32;0;49,8;44;31
32;0,3;46;44;31
32;0,6;44;44;31
32;0,9;43;44;31
32;1,2;42,3;44;31
32;1,5;42;44;31
32;3,1;39,5;44;31
32;4,7;38,6;44;31
32;7,8;35,3;44;31
32;10,9;33,5;44;31
32;13,9;31,5;44;31
32;17;26,9;44;31
32;20,1;22,3;44;31
32;23,3;18,8;44;31
32;26,4;11,9;44;31
32;29,5;5,4;44;31
32;31;0;44;31
46;0;50,3;44;34,9
46;0,3;45,5;44;34,9
46;0,7;44,8;44;34,9
46;1;44,2;44;34,9
46;1,4;42,3;44;34,9
46;1,8;41,5;44;34,9
46;3,5;39,8;44;34,9
46;5,2;38,5;44;34,9
46;8,7;36,5;44;34,9
46;12,2;34,5;44;34,9
46;15,7;32,9;44;34,9
46;19,2;30;44;34,9
46;22,7;26,3;44;34,9
46;26,2;18,8;44;34,9
46;29,7;10,6;44;34,9
46;33,2;3,5;44;34,9
46;34,9;0;44;34,9
13;0;51,8;44,5;27,7
13;0,3;47,5;44,5;27,7
13;0,6;47,1;44,5;27,7
13;0,8;45,3;44,5;27,7
13;1,1;45;44,5;27,7
13;1,4;43,3;44,5;27,7
13;2,8;40,5;44,5;27,7
13;4,2;38,8;44,5;27,7
13;6,9;37,9;44,5;27,7
13;9,7;37,2;44,5;27,7
13;12,5;33,8;44,5;27,7
13;15,2;30,8;44,5;27,7
13;18;26,5;44,5;27,7
13;20,8;19,5;44,5;27,7
13;23,5;12,3;44,5;27,7
13;26,3;4,2;44,5;27,7
13;27,7;0;44,5;27,7
44;0;59,5;46,3;30,5
44;0,3;51,8;46,3;30,5
44;0,6;48,8;46,3;30,5
44;0,9;48,5;46,3;30,5
44;1,2;46,3;46,3;30,5
44;1,5;44;46,3;30,5
44;3;40,8;46,3;30,5
44;4,6;40,5;46,3;30,5
44;7,6;37,8;46,3;30,5
44;10,7;35,3;46,3;30,5
44;13,7;32,1;46,3;30,5
44;16,8;29,8;46,3;30,5
44;19,8;24,1;46,3;30,5
44;22,9;18,7;46,3;30,5
44;25,9;11,3;46,3;30,5
44;29;3,5;46,3;30,5
44;30,5;0;46,3;30,5
41;0;55,5;46,8;30,8
41;0,3;50,8;46,8;30,8
41;0,6;49,5;46,8;30,8
41;0,9;46,8;46,8;30,8
41;1,2;45,5;46,8;30,8
41;1,5;43,8;46,8;30,8
41;3,1;42,3;46,8;30,8
41;4,6;42;46,8;30,8
41;7,7;38,9;46,8;30,8
41;10,8;37,5;46,8;30,8
41;13,9;35,8;46,8;30,8
41;16,9;32,1;46,8;30,8
41;20;28,3;46,8;30,8
41;23,1;22,4;46,8;30,8
41;26,2;12,2;46,8;30,8
41;29,3;4,1;46,8;30,8
41;30,8;0;46,8;30,8
19;0;57;47,5;30,2
19;0,3;52,3;47,5;30,2
19;0,6;50,5;47,5;30,2
19;0,9;49,8;47,5;30,2
19;1,2;47,5;47,5;30,2
19;1,5;47;47,5;30,2
19;3;44,5;47,5;30,2
19;4,5;44,2;47,5;30,2
19;7,6;42,3;47,5;30,2
19;10,6;40,5;47,5;30,2
19;13,6;38,2;47,5;30,2
19;16,6;32,5;47,5;30,2
19;19,6;27;47,5;30,2
19;22,6;18,8;47,5;30,2
19;25,7;12,3;47,5;30,2
19;28,7;4,5;47,5;30,2
19;30,2;0;47,5;30,2
2;0;60,5;47,6;27,8
2;0,3;56,8;47,6;27,8
2;0,6;52,5;47,6;27,8
2;0,8;49,4;47,6;27,8
2;1,1;47,8;47,6;27,8
2;1,4;45,8;47,6;27,8
2;2,8;42,3;47,6;27,8
2;4,2;39,5;47,6;27,8
2;6,9;37,3;47,6;27,8
2;9,7;33,3;47,6;27,8
2;12,5;31,9;47,6;27,8
2;15,3;28,8;47,6;27,8
2;18,1;22,8;47,6;27,8
2;20,9;18,8;47,6;27,8
2;23,6;10,5;47,6;27,8
2;26,4;3,5;47,6;27,8
2;27,8;0;47,6;27,8
20;0;57;48,3;33,8
20;0,3;52,5;48,3;33,8
20;0,7;49,9;48,3;33,8
20;1;47,5;48,3;33,8
20;1,4;47;48,3;33,8
20;1,7;46,8;48,3;33,8
20;3,4;43,3;48,3;33,8
20;5,1;43,2;48,3;33,8
20;8,4;40,3;48,3;33,8
20;11,8;37,3;48,3;33,8
20;15,2;33,9;48,3;33,8
20;18,6;32,3;48,3;33,8
20;22;28;48,3;33,8
20;25,4;21,4;48,3;33,8
20;28,7;13,3;48,3;33,8
20;32,1;4,2;48,3;33,8
20;33,8;0;48,3;33,8
33;0;59,5;49;31,8
33;0,3;54;49;31,8
33;0,6;51,8;49;31,8
33;0,9;49,8;49;31,8
33;1,3;49,5;49;31,8
33;1,6;47,3;49;31,8
33;3,2;43,7;49;31,8
33;4,8;43,5;49;31,8
33;7,9;41,8;49;31,8
33;11,1;41,2;49;31,8
33;14,3;37,8;49;31,8
33;17,5;32,3;49;31,8
33;20,7;28;49;31,8
33;23,9;19;49;31,8
33;27;11,8;49;31,8
33;30,2;4;49;31,8
33;31,8;0;49;31,8
42;0;60,5;49,5;30,6
42;0,3;56;49,5;30,6
42;0,6;52;49,5;30,6
42;0,9;50,5;49,5;30,6
42;1,2;49,5;49,5;30,6
42;1,5;47,8;49,5;30,6
42;3,1;43,3;49,5;30,6
42;4,6;40,8;49,5;30,6
42;7,7;38,8;49,5;30,6
42;10,7;37,3;49,5;30,6
42;13,8;36,5;49,5;30,6
42;16,8;31,7;49,5;30,6
42;19,9;26,7;49,5;30,6
42;23;19;49,5;30,6
42;26;12,3;49,5;30,6
42;29,1;4,1;49,5;30,6
42;30,6;0;49,5;30,6
7;0;58,3;49,8;30,3
7;0,3;53,3;49,8;30,3
7;0,6;51,8;49,8;30,3
7;0,9;50,5;49,8;30,3
7;1,2;49,8;49,8;30,3
7;1,5;49;49,8;30,3
7;3;46;49,8;30,3
7;4,5;45,3;49,8;30,3
7;7,6;41;49,8;30,3
7;10,6;39;49,8;30,3
7;13,6;35,8;49,8;30,3
7;16,7;32,7;49,8;30,3
7;19,7;27;49,8;30,3
7;22,7;20,5;49,8;30,3
7;25,8;11,5;49,8;30,3
7;28,8;4,5;49,8;30,3
7;30,3;0;49,8;30,3
14;0;62;52;29,3
14;0,3;57;52;29,3
14;0,6;54,5;52;29,3
14;0,9;53,8;52;29,3
14;1,2;52,3;52;29,3
14;1,5;49,8;52;29,3
14;2,9;45,5;52;29,3
14;4,4;43;52;29,3
14;7,3;42,3;52;29,3
14;10,3;37,8;52;29,3
14;13,2;35,5;52;29,3
14;16,1;29,5;52;29,3
14;19;25,5;52;29,3
14;22;19,5;52;29,3
14;24,9;11,5;52;29,3
14;27,8;4,2;52;29,3
14;29,3;0;52;29,3
8;0;65,5;52,3;27,5
8;0,3;59,8;52,3;27,5
8;0,6;56,5;52,3;27,5
8;0,8;53,9;52,3;27,5
8;1,1;52;52,3;27,5
8;1,4;51,1;52,3;27,5
8;2,8;48,2;52,3;27,5
8;4,1;45,8;52,3;27,5
8;6,9;44;52,3;27,5
8;9,6;41;52,3;27,5
8;12,4;39,3;52,3;27,5
8;15,1;32,5;52,3;27,5
8;17,9;29,4;52,3;27,5
8;20,6;21,9;52,3;27,5
8;23,4;10,9;52,3;27,5
8;26,1;3;52,3;27,5
8;27,5;0;52,3;27,5
34;0;63,3;53,8;31,5
34;0,3;59;53,8;31,5
34;0,6;56,5;53,8;31,5
34;0,9;55,2;53,8;31,5
34;1,3;53,8;53,8;31,5
34;1,6;52;53,8;31,5
34;3,2;49,3;53,8;31,5
34;4,7;49;53,8;31,5
34;7,9;47,8;53,8;31,5
34;11;44,5;53,8;31,5
34;14,2;40,8;53,8;31,5
34;17,3;36;53,8;31,5
34;20,5;31,4;53,8;31,5
34;23,6;22;53,8;31,5
34;26,8;13,3;53,8;31,5
34;29,9;4,8;53,8;31,5
34;31,5;0;53,8;31,5
21;0;67,5;54,5;27,8
21;0,3;59,8;54,5;27,8
21;0,6;57,5;54,5;27,8
21;0,8;55,3;54,5;27,8
21;1,1;55;54,5;27,8
21;1,4;53,5;54,5;27,8
21;2,8;50,8;54,5;27,8
21;4,2;47,8;54,5;27,8
21;6,9;43,3;54,5;27,8
21;9,7;40,8;54,5;27,8
21;12,5;38,8;54,5;27,8
21;15,3;34,8;54,5;27,8
21;18,1;26,8;54,5;27,8
21;20,9;18,6;54,5;27,8
21;23,6;10;54,5;27,8
21;26,4;4;54,5;27,8
21;27,8;0;54,5;27,8
15;0;66,8;56,4;31
15;0,3;62,3;56,4;31
15;0,6;58,8;56,4;31
15;0,9;56,8;56,4;31
15;1,2;55,1;56,4;31
15;1,5;53,5;56,4;31
15;3,1;49,3;56,4;31
15;4,7;47,3;56,4;31
15;7,8;44;56,4;31
15;10,9;40,8;56,4;31
15;13,9;36;56,4;31
15;17;32,2;56,4;31
15;20,1;26;56,4;31
15;23,3;21,8;56,4;31
15;26,4;13,5;56,4;31
15;29,5;4,6;56,4;31
15;31;0;56,4;31
9;0;65,3;57,4;27,9
9;0,3;61,5;57,4;27,9
9;0,6;58,8;57,4;27,9
9;0,8;57,8;57,4;27,9
9;1,1;58,2;57,4;27,9
9;1,4;55,5;57,4;27,9
9;2,8;50,5;57,4;27,9
9;4,2;48,3;57,4;27,9
9;7;42,5;57,4;27,9
9;9,8;41,3;57,4;27,9
9;12,6;38,8;57,4;27,9
9;15,3;33,3;57,4;27,9
9;18,1;26,5;57,4;27,9
9;20,9;18,8;57,4;27,9
9;23,7;10,9;57,4;27,9
9;26,5;3,5;57,4;27,9
9;27,9;0;57,4;27,9
